Artist_ID,Track_ID
Ar1000,Tr1000
Ar1001,Tr1000
Ar1002,Tr1001
Ar1003,Tr1002
Ar1004,Tr1003
Ar1005,Tr1004
Ar1006,Tr1005
Ar1007,Tr1005
Ar1008,Tr1006
Ar1009,Tr1006
Ar1010,Tr1007
Ar1011,Tr1008
Ar1009,Tr1009
Ar1012,Tr1009
Ar1005,Tr1010
Ar1013,Tr1010
Ar1014,Tr1011
Ar1015,Tr1012
Ar1016,Tr1013
Ar1017,Tr1014
Ar1018,Tr1015
Ar1019,Tr1016
Ar1020,Tr1017
Ar1021,Tr1018
Ar1022,Tr1018
Ar1023,Tr1019
Ar1024,Tr1020
Ar1025,Tr1020
Ar1009,Tr1020
Ar1004,Tr1021
Ar1026,Tr1022
Ar1027,Tr1023
Ar1009,Tr1023
Ar1028,Tr1024
Ar1029,Tr1024
Ar1030,Tr1024
Ar1031,Tr1025
Ar1032,Tr1026
Ar1033,Tr1026
Ar1034,Tr1027
Ar1005,Tr1027
Ar1035,Tr1028
Ar1036,Tr1029
Ar1037,Tr1030
Ar1009,Tr1031
Ar1013,Tr1031
Ar1028,Tr1032
Ar1038,Tr1032
Ar1039,Tr1032
Ar1004,Tr1033
Ar1040,Tr1034
Ar1041,Tr1034
Ar1042,Tr1035
Ar1043,Tr1035
Ar1044,Tr1035
Ar1045,Tr1035
Ar1046,Tr1035
Ar1047,Tr1035
Ar1048,Tr1035
Ar1049,Tr1035
Ar1050,Tr1036
Ar1013,Tr1036
Ar1004,Tr1037
Ar1004,Tr1038
Ar1031,Tr1039
Ar1025,Tr1040
Ar1009,Tr1040
Ar1051,Tr1041
Ar1052,Tr1041
Ar1053,Tr1042
Ar1054,Tr1042
Ar1055,Tr1043
Ar1056,Tr1043
Ar1057,Tr1043
Ar1058,Tr1044
Ar1059,Tr1044
Ar1060,Tr1044
Ar1015,Tr1045
Ar1061,Tr1046
Ar1028,Tr1047
Ar1028,Tr1048
Ar1062,Tr1048
Ar1063,Tr1049
Ar1028,Tr1049
Ar1021,Tr1050
Ar1002,Tr1050
Ar1064,Tr1050
Ar1054,Tr1051
Ar1065,Tr1051
Ar1066,Tr1051
Ar1040,Tr1052
Ar1067,Tr1053
Ar1068,Tr1054
Ar1028,Tr1055
Ar1057,Tr1056
Ar1069,Tr1057
Ar1040,Tr1058
Ar1004,Tr1059
Ar1070,Tr1060
Ar1071,Tr1060
Ar1072,Tr1061
Ar1060,Tr1061
Ar1073,Tr1062
Ar1074,Tr1062
Ar1001,Tr1062
Ar1075,Tr1063
Ar1076,Tr1063
Ar1077,Tr1064
Ar1021,Tr1064
Ar1078,Tr1065
Ar1004,Tr1066
Ar1079,Tr1067
Ar1051,Tr1068
Ar1004,Tr1069
Ar1075,Tr1070
Ar1027,Tr1070
Ar1080,Tr1071
Ar1081,Tr1072
Ar1082,Tr1073
Ar1027,Tr1074
Ar1010,Tr1074
Ar1083,Tr1075
Ar1084,Tr1076
Ar1085,Tr1077
Ar1086,Tr1077
Ar1087,Tr1078
Ar1021,Tr1078
Ar1045,Tr1079
Ar1088,Tr1080
Ar1089,Tr1081
Ar1090,Tr1081
Ar1091,Tr1082
Ar1092,Tr1082
Ar1004,Tr1083
Ar1093,Tr1084
Ar1094,Tr1084
Ar1095,Tr1085
Ar1069,Tr1085
Ar1096,Tr1086
Ar1097,Tr1087
Ar1005,Tr1087
Ar1098,Tr1088
Ar1099,Tr1089
Ar1100,Tr1089
Ar1101,Tr1090
Ar1102,Tr1091
Ar1005,Tr1092
Ar1103,Tr1092
Ar1004,Tr1093
Ar1001,Tr1094
Ar1104,Tr1095
Ar1105,Tr1095
Ar1106,Tr1096
Ar1018,Tr1097
Ar1106,Tr1098
Ar1074,Tr1099
Ar1004,Tr1100
Ar1107,Tr1101
Ar1039,Tr1101
Ar1108,Tr1101
Ar1051,Tr1102
Ar1109,Tr1103
Ar1014,Tr1104
Ar1110,Tr1105
Ar1036,Tr1106
Ar1111,Tr1106
Ar1112,Tr1106
Ar1113,Tr1107
Ar1114,Tr1108
Ar1115,Tr1109
Ar1116,Tr1110
Ar1117,Tr1110
Ar1118,Tr1111
Ar1119,Tr1112
Ar1120,Tr1112
Ar1004,Tr1113
Ar1121,Tr1114
Ar1104,Tr1115
Ar1122,Tr1116
Ar1123,Tr1117
Ar1124,Tr1117
Ar1125,Tr1118
Ar1069,Tr1118
Ar1126,Tr1118
Ar1004,Tr1119
Ar1025,Tr1120
Ar1009,Tr1120
Ar1127,Tr1121
Ar1128,Tr1121
Ar1129,Tr1122
Ar1110,Tr1123
Ar1013,Tr1123
Ar1009,Tr1124
Ar1021,Tr1125
Ar1130,Tr1126
Ar1131,Tr1126
Ar1132,Tr1126
Ar1017,Tr1127
Ar1020,Tr1128
Ar1133,Tr1128
Ar1075,Tr1129
Ar1027,Tr1129
Ar1134,Tr1130
Ar1014,Tr1131
Ar1106,Tr1132
Ar1041,Tr1133
Ar1027,Tr1133
Ar1026,Tr1134
Ar1052,Tr1135
Ar1135,Tr1135
Ar1039,Tr1135
Ar1136,Tr1135
Ar1137,Tr1136
Ar1138,Tr1136
Ar1039,Tr1136
Ar1139,Tr1137
Ar1140,Tr1137
Ar1141,Tr1137
Ar1142,Tr1137
Ar1143,Tr1137
Ar1144,Tr1138
Ar1084,Tr1139
Ar1114,Tr1140
Ar1145,Tr1141
Ar1146,Tr1141
Ar1147,Tr1141
Ar1148,Tr1141
Ar1149,Tr1142
Ar1150,Tr1142
Ar1109,Tr1143
Ar1151,Tr1144
Ar1152,Tr1144
Ar1009,Tr1144
Ar1028,Tr1145
Ar1106,Tr1145
Ar1153,Tr1146
Ar1154,Tr1146
Ar1155,Tr1147
Ar1156,Tr1148
Ar1157,Tr1149
Ar1158,Tr1150
Ar1009,Tr1151
Ar1159,Tr1152
Ar1160,Tr1152
Ar1161,Tr1153
Ar1162,Tr1153
Ar1163,Tr1154
Ar1042,Tr1155
Ar1046,Tr1155
Ar1164,Tr1155
Ar1165,Tr1156
Ar1038,Tr1156
Ar1061,Tr1157
Ar1093,Tr1158
Ar1166,Tr1159
Ar1158,Tr1160
Ar1009,Tr1160
Ar1167,Tr1161
Ar1165,Tr1162
Ar1168,Tr1162
Ar1169,Tr1162
Ar1004,Tr1163
Ar1028,Tr1164
Ar1170,Tr1165
Ar1171,Tr1166
Ar1172,Tr1167
Ar1173,Tr1168
Ar1127,Tr1168
Ar1163,Tr1169
Ar1174,Tr1170
Ar1175,Tr1171
Ar1039,Tr1171
Ar1176,Tr1171
Ar1026,Tr1172
Ar1114,Tr1173
Ar1028,Tr1174
Ar1004,Tr1175
Ar1026,Tr1176
Ar1177,Tr1177
Ar1144,Tr1178
Ar1178,Tr1179
Ar1179,Tr1180
Ar1025,Tr1180
Ar1180,Tr1181
Ar1181,Tr1182
Ar1182,Tr1183
Ar1183,Tr1184
Ar1184,Tr1185
Ar1051,Tr1186
Ar1163,Tr1187
Ar1185,Tr1188
Ar1031,Tr1189
Ar1013,Tr1189
Ar1004,Tr1190
Ar1005,Tr1191
Ar1004,Tr1192
Ar1186,Tr1193
Ar1187,Tr1194
Ar1188,Tr1195
Ar1021,Tr1196
Ar1189,Tr1196
Ar1190,Tr1196
Ar1010,Tr1196
Ar1014,Tr1197
Ar1191,Tr1198
Ar1052,Tr1199
Ar1192,Tr1199
Ar1193,Tr1199
Ar1039,Tr1199
Ar1194,Tr1200
Ar1195,Tr1200
Ar1196,Tr1200
Ar1081,Tr1200
Ar1023,Tr1200
Ar1041,Tr1201
Ar1158,Tr1202
Ar1024,Tr1202
Ar1009,Tr1202
Ar1197,Tr1203
Ar1139,Tr1203
Ar1198,Tr1203
Ar1199,Tr1204
Ar1004,Tr1205
Ar1200,Tr1206
Ar1009,Tr1206
Ar1039,Tr1207
Ar1066,Tr1207
Ar1201,Tr1208
Ar1025,Tr1209
Ar1202,Tr1209
Ar1203,Tr1210
Ar1204,Tr1210
Ar1205,Tr1211
Ar1206,Tr1211
Ar1207,Tr1212
Ar1107,Tr1213
Ar1208,Tr1213
Ar1039,Tr1213
Ar1144,Tr1214
Ar1209,Tr1215
Ar1210,Tr1215
Ar1211,Tr1216
Ar1005,Tr1216
Ar1004,Tr1217
Ar1060,Tr1217
Ar1107,Tr1218
Ar1166,Tr1218
Ar1039,Tr1218
Ar1212,Tr1219
Ar1009,Tr1219
Ar1021,Tr1220
Ar1031,Tr1221
Ar1158,Tr1221
Ar1106,Tr1222
Ar1004,Tr1222
Ar1066,Tr1223
Ar1213,Tr1224
Ar1105,Tr1225
Ar1035,Tr1225
Ar1021,Tr1226
Ar1214,Tr1227
Ar1039,Tr1227
Ar1215,Tr1228
Ar1216,Tr1228
Ar1217,Tr1229
Ar1218,Tr1230
Ar1219,Tr1231
Ar1220,Tr1231
Ar1221,Tr1232
Ar1021,Tr1232
Ar1222,Tr1233
Ar1021,Tr1233
Ar1165,Tr1234
Ar1116,Tr1235
Ar1218,Tr1235
Ar1004,Tr1236
Ar1168,Tr1237
Ar1223,Tr1237
Ar1039,Tr1237
Ar1108,Tr1237
Ar1224,Tr1237
Ar1005,Tr1238
Ar1225,Tr1239
Ar1226,Tr1240
Ar1208,Tr1241
Ar1227,Tr1242
Ar1090,Tr1243
Ar1165,Tr1244
Ar1038,Tr1244
Ar1115,Tr1245
Ar1228,Tr1246
Ar1229,Tr1246
Ar1193,Tr1247
Ar1230,Tr1247
Ar1231,Tr1248
Ar1109,Tr1249
Ar1232,Tr1250
Ar1233,Tr1250
Ar1234,Tr1250
Ar1235,Tr1251
Ar1236,Tr1252
Ar1237,Tr1253
Ar1238,Tr1253
Ar1239,Tr1253
Ar1144,Tr1254
Ar1240,Tr1255
Ar1241,Tr1255
Ar1242,Tr1256
Ar1243,Tr1257
Ar1244,Tr1257
Ar1040,Tr1258
Ar1245,Tr1259
Ar1040,Tr1260
Ar1246,Tr1260
Ar1247,Tr1261
Ar1019,Tr1262
Ar1248,Tr1263
Ar1249,Tr1264
Ar1250,Tr1265
Ar1251,Tr1265
Ar1252,Tr1266
Ar1195,Tr1267
Ar1028,Tr1268
Ar1107,Tr1268
Ar1004,Tr1269
Ar1040,Tr1270
Ar1058,Tr1271
Ar1060,Tr1271
Ar1253,Tr1272
Ar1013,Tr1272
Ar1144,Tr1273
Ar1031,Tr1274
Ar1009,Tr1274
Ar1254,Tr1275
Ar1255,Tr1275
Ar1256,Tr1276
Ar1076,Tr1277
Ar1257,Tr1278
Ar1258,Tr1279
Ar1259,Tr1279
Ar1208,Tr1279
Ar1013,Tr1280
Ar1010,Tr1281
Ar1260,Tr1282
Ar1261,Tr1283
Ar1010,Tr1284
Ar1262,Tr1284
Ar1263,Tr1285
Ar1025,Tr1285
Ar1023,Tr1286
Ar1028,Tr1287
Ar1264,Tr1287
Ar1265,Tr1288
Ar1266,Tr1288
Ar1267,Tr1289
Ar1268,Tr1290
Ar1005,Tr1290
Ar1028,Tr1291
Ar1023,Tr1292
Ar1119,Tr1293
Ar1120,Tr1293
Ar1269,Tr1294
Ar1270,Tr1294
Ar1109,Tr1295
Ar1109,Tr1296
Ar1271,Tr1296
Ar1237,Tr1297
Ar1238,Tr1297
Ar1239,Tr1297
Ar1272,Tr1298
Ar1242,Tr1298
Ar1021,Tr1299
Ar1211,Tr1300
Ar1027,Tr1300
Ar1055,Tr1301
Ar1056,Tr1301
Ar1273,Tr1302
Ar1274,Tr1302
Ar1055,Tr1303
Ar1056,Tr1303
Ar1275,Tr1304
Ar1012,Tr1305
Ar1276,Tr1306
Ar1277,Tr1306
Ar1017,Tr1307
Ar1278,Tr1308
Ar1063,Tr1309
Ar1028,Tr1309
Ar1279,Tr1310
Ar1280,Tr1311
Ar1031,Tr1312
Ar1157,Tr1312
Ar1004,Tr1313
Ar1281,Tr1314
Ar1035,Tr1315
Ar1021,Tr1316
Ar1189,Tr1316
Ar1282,Tr1317
Ar1283,Tr1318
Ar1284,Tr1319
Ar1285,Tr1319
Ar1040,Tr1320
Ar1286,Tr1320
Ar1287,Tr1321
Ar1217,Tr1322
Ar1181,Tr1323
Ar1028,Tr1324
Ar1288,Tr1325
Ar1289,Tr1326
Ar1043,Tr1327
Ar1290,Tr1327
Ar1291,Tr1327
Ar1292,Tr1327
Ar1293,Tr1327
Ar1294,Tr1328
Ar1075,Tr1328
Ar1295,Tr1328
Ar1018,Tr1329
Ar1296,Tr1330
Ar1297,Tr1331
Ar1005,Tr1331
Ar1298,Tr1332
Ar1104,Tr1332
Ar1035,Tr1333
Ar1299,Tr1334
Ar1300,Tr1334
Ar1035,Tr1335
Ar1035,Tr1336
Ar1108,Tr1337
Ar1107,Tr1337
Ar1093,Tr1337
Ar1035,Tr1338
Ar1301,Tr1339
Ar1007,Tr1340
Ar1302,Tr1341
Ar1035,Tr1342
Ar1197,Tr1343
Ar1139,Tr1343
Ar1303,Tr1344
Ar1002,Tr1345
Ar1010,Tr1345
Ar1035,Tr1346
Ar1304,Tr1346
Ar1058,Tr1347
Ar1305,Tr1348
Ar1018,Tr1349
Ar1040,Tr1350
Ar1010,Tr1350
Ar1014,Tr1351
Ar1306,Tr1352
Ar1077,Tr1353
Ar1041,Tr1353
Ar1035,Tr1354
Ar1010,Tr1355
Ar1035,Tr1356
Ar1296,Tr1357
Ar1307,Tr1358
Ar1308,Tr1359
Ar1051,Tr1360
Ar1309,Tr1360
Ar1005,Tr1361
Ar1010,Tr1362
Ar1310,Tr1363
Ar1311,Tr1363
Ar1114,Tr1364
Ar1312,Tr1364
Ar1230,Tr1364
Ar1313,Tr1364
Ar1314,Tr1365
Ar1215,Tr1366
Ar1161,Tr1366
Ar1315,Tr1367
Ar1005,Tr1367
Ar1316,Tr1368
Ar1317,Tr1368
Ar1094,Tr1369
Ar1028,Tr1370
Ar1318,Tr1371
Ar1035,Tr1372
Ar1319,Tr1373
Ar1320,Tr1374
Ar1076,Tr1374
Ar1321,Tr1375
Ar1005,Tr1376
Ar1083,Tr1377
Ar1074,Tr1377
Ar1035,Tr1378
Ar1076,Tr1379
Ar1085,Tr1380
Ar1127,Tr1380
Ar1322,Tr1380
Ar1323,Tr1381
Ar1241,Tr1382
Ar1072,Tr1383
Ar1254,Tr1384
Ar1023,Tr1384
Ar1018,Tr1385
Ar1173,Tr1386
Ar1324,Tr1387
Ar1325,Tr1388
Ar1219,Tr1389
Ar1074,Tr1389
Ar1326,Tr1390
Ar1327,Tr1391
Ar1197,Tr1392
Ar1328,Tr1392
Ar1329,Tr1392
Ar1330,Tr1392
Ar1331,Tr1392
Ar1332,Tr1392
Ar1209,Tr1393
Ar1210,Tr1393
Ar1333,Tr1394
Ar1074,Tr1395
Ar1001,Tr1395
Ar1334,Tr1395
Ar1041,Tr1396
Ar1075,Tr1396
Ar1335,Tr1397
Ar1226,Tr1397
Ar1336,Tr1397
Ar1020,Tr1398
Ar1085,Tr1399
Ar1337,Tr1400
Ar1330,Tr1401
Ar1338,Tr1401
Ar1339,Tr1401
Ar1332,Tr1401
Ar1328,Tr1401
Ar1331,Tr1401
Ar1127,Tr1402
Ar1036,Tr1402
Ar1340,Tr1403
Ar1267,Tr1404
Ar1165,Tr1405
Ar1107,Tr1405
Ar1341,Tr1405
Ar1036,Tr1406
Ar1342,Tr1407
Ar1343,Tr1408
Ar1216,Tr1408
Ar1344,Tr1409
Ar1324,Tr1409
Ar1345,Tr1410
Ar1346,Tr1411
Ar1347,Tr1412
Ar1075,Tr1412
Ar1348,Tr1413
Ar1349,Tr1413
Ar1350,Tr1413
Ar1351,Tr1414
Ar1018,Tr1415
Ar1007,Tr1416
Ar1352,Tr1417
Ar1353,Tr1418
Ar1354,Tr1418
Ar1355,Tr1418
Ar1137,Tr1419
Ar1038,Tr1419
Ar1039,Tr1419
Ar1005,Tr1420
Ar1058,Tr1421
Ar1356,Tr1422
Ar1357,Tr1423
Ar1358,Tr1424
Ar1359,Tr1425
Ar1360,Tr1425
Ar1361,Tr1426
Ar1300,Tr1426
Ar1144,Tr1427
Ar1362,Tr1428
Ar1363,Tr1429
Ar1018,Tr1430
Ar1036,Tr1431
Ar1364,Tr1431
Ar1309,Tr1432
Ar1186,Tr1433
Ar1365,Tr1434
Ar1366,Tr1434
Ar1004,Tr1435
Ar1367,Tr1436
Ar1197,Tr1436
Ar1142,Tr1436
Ar1368,Tr1437
Ar1369,Tr1437
Ar1370,Tr1437
Ar1371,Tr1438
Ar1372,Tr1438
Ar1373,Tr1439
Ar1374,Tr1440
Ar1375,Tr1441
Ar1376,Tr1442
Ar1377,Tr1443
Ar1063,Tr1444
Ar1378,Tr1445
Ar1379,Tr1446
Ar1227,Tr1447
Ar1380,Tr1448
Ar1381,Tr1449
Ar1377,Tr1450
Ar1093,Tr1451
Ar1382,Tr1452
Ar1018,Tr1453
Ar1018,Tr1454
Ar1383,Tr1455
Ar1384,Tr1455
Ar1385,Tr1455
Ar1386,Tr1455
Ar1018,Tr1456
Ar1108,Tr1456
Ar1387,Tr1457
Ar1388,Tr1458
Ar1389,Tr1459
Ar1390,Tr1460
Ar1018,Tr1461
Ar1391,Tr1461
Ar1018,Tr1462
Ar1392,Tr1463
Ar1018,Tr1464
Ar1018,Tr1465
Ar1137,Tr1465
Ar1393,Tr1466
Ar1394,Tr1466
Ar1395,Tr1466
Ar1396,Tr1467
Ar1397,Tr1468
Ar1018,Tr1469
Ar1018,Tr1470
Ar1018,Tr1471
Ar1144,Tr1472
Ar1111,Tr1472
Ar1398,Tr1473
Ar1399,Tr1473
Ar1400,Tr1473
Ar1401,Tr1474
Ar1402,Tr1475
Ar1403,Tr1475
Ar1265,Tr1476
Ar1018,Tr1477
Ar1137,Tr1478
Ar1039,Tr1478
Ar1388,Tr1479
Ar1018,Tr1480
Ar1018,Tr1481
Ar1004,Tr1482
Ar1106,Tr1482
Ar1004,Tr1483
Ar1404,Tr1484
Ar1405,Tr1484
Ar1406,Tr1484
Ar1407,Tr1484
Ar1004,Tr1485
Ar1005,Tr1486
Ar1408,Tr1486
Ar1409,Tr1487
Ar1410,Tr1487
Ar1097,Tr1488
Ar1075,Tr1488
Ar1018,Tr1489
Ar1005,Tr1490
Ar1075,Tr1490
Ar1411,Tr1491
Ar1412,Tr1492
Ar1018,Tr1493
Ar1413,Tr1494
Ar1039,Tr1494
Ar1414,Tr1495
Ar1040,Tr1495
Ar1415,Tr1496
Ar1028,Tr1497
Ar1028,Tr1498
Ar1416,Tr1499
Ar1028,Tr1500
Ar1417,Tr1501
Ar1418,Tr1501
Ar1419,Tr1502
Ar1420,Tr1502
Ar1421,Tr1502
Ar1422,Tr1502
Ar1423,Tr1502
Ar1424,Tr1502
Ar1425,Tr1502
Ar1426,Tr1503
Ar1028,Tr1504
Ar1028,Tr1505
Ar1427,Tr1506
Ar1028,Tr1507
Ar1028,Tr1508
Ar1003,Tr1509
Ar1028,Tr1510
Ar1055,Tr1510
Ar1056,Tr1510
Ar1028,Tr1511
Ar1018,Tr1512
Ar1309,Tr1512
Ar1028,Tr1513
Ar1192,Tr1513
Ar1309,Tr1514
Ar1324,Tr1515
Ar1428,Tr1516
Ar1028,Tr1517
Ar1429,Tr1518
Ar1028,Tr1519
Ar1324,Tr1520
Ar1028,Tr1521
Ar1051,Tr1521
Ar1430,Tr1522
Ar1431,Tr1523
Ar1432,Tr1523
Ar1433,Tr1524
Ar1005,Tr1524
Ar1034,Tr1524
Ar1255,Tr1525
Ar1273,Tr1526
Ar1434,Tr1526
Ar1020,Tr1527
Ar1028,Tr1528
Ar1435,Tr1528
Ar1436,Tr1529
Ar1437,Tr1529
Ar1438,Tr1530
Ar1003,Tr1531
Ar1439,Tr1532
Ar1440,Tr1532
Ar1441,Tr1532
Ar1004,Tr1533
Ar1028,Tr1534
Ar1115,Tr1535
Ar1044,Tr1536
Ar1045,Tr1536
Ar1049,Tr1536
Ar1290,Tr1536
Ar1028,Tr1537
Ar1442,Tr1538
Ar1443,Tr1539
Ar1444,Tr1539
Ar1445,Tr1539
Ar1446,Tr1540
Ar1082,Tr1541
Ar1194,Tr1542
Ar1447,Tr1543
Ar1005,Tr1543
Ar1075,Tr1544
Ar1428,Tr1545
Ar1448,Tr1545
Ar1449,Tr1545
Ar1163,Tr1546
Ar1450,Tr1546
Ar1451,Tr1546
Ar1452,Tr1547
Ar1453,Tr1547
Ar1454,Tr1547
Ar1028,Tr1548
Ar1125,Tr1549
Ar1093,Tr1550
Ar1455,Tr1550
Ar1456,Tr1550
Ar1005,Tr1551
Ar1408,Tr1551
Ar1027,Tr1552
Ar1049,Tr1552
Ar1457,Tr1553
Ar1166,Tr1554
Ar1458,Tr1554
Ar1075,Tr1554
Ar1459,Tr1555
Ar1460,Tr1555
Ar1461,Tr1555
Ar1300,Tr1556
Ar1057,Tr1557
Ar1462,Tr1557
Ar1463,Tr1557
Ar1074,Tr1558
Ar1138,Tr1559
Ar1107,Tr1559
Ar1011,Tr1559
Ar1309,Tr1560
Ar1028,Tr1560
Ar1003,Tr1561
Ar1074,Tr1562
Ar1464,Tr1563
Ar1028,Tr1564
Ar1264,Tr1564
Ar1465,Tr1565
Ar1049,Tr1565
Ar1466,Tr1566
Ar1005,Tr1566
Ar1189,Tr1566
Ar1163,Tr1567
Ar1450,Tr1567
Ar1451,Tr1567
Ar1165,Tr1568
Ar1467,Tr1568
Ar1038,Tr1568
Ar1273,Tr1569
Ar1468,Tr1569
Ar1469,Tr1570
Ar1028,Tr1571
Ar1076,Tr1571
Ar1470,Tr1572
Ar1421,Tr1572
Ar1422,Tr1572
Ar1028,Tr1573
Ar1125,Tr1574
Ar1471,Tr1575
Ar1472,Tr1576
Ar1082,Tr1577
Ar1038,Tr1578
Ar1011,Tr1578
Ar1248,Tr1579
Ar1473,Tr1580
Ar1474,Tr1580
Ar1421,Tr1581
Ar1424,Tr1581
Ar1465,Tr1582
Ar1016,Tr1583
Ar1003,Tr1584
Ar1475,Tr1585
Ar1309,Tr1586
Ar1096,Tr1587
Ar1030,Tr1588
Ar1115,Tr1589
Ar1476,Tr1590
Ar1144,Tr1591
Ar1477,Tr1591
Ar1003,Tr1592
Ar1478,Tr1593
Ar1479,Tr1593
Ar1480,Tr1593
Ar1481,Tr1594
Ar1063,Tr1595
Ar1430,Tr1596
Ar1482,Tr1597
Ar1483,Tr1597
Ar1484,Tr1598
Ar1456,Tr1599
Ar1222,Tr1600
Ar1036,Tr1600
Ar1485,Tr1601
Ar1486,Tr1601
Ar1487,Tr1601
Ar1488,Tr1601
Ar1489,Tr1602
Ar1490,Tr1603
Ar1020,Tr1604
Ar1020,Tr1605
Ar1491,Tr1606
Ar1239,Tr1607
Ar1408,Tr1607
Ar1492,Tr1608
Ar1163,Tr1609
Ar1493,Tr1610
Ar1494,Tr1611
Ar1165,Tr1612
Ar1107,Tr1612
Ar1138,Tr1612
Ar1075,Tr1613
Ar1114,Tr1614
Ar1312,Tr1614
Ar1313,Tr1614
Ar1495,Tr1615
Ar1496,Tr1616
Ar1315,Tr1617
Ar1045,Tr1617
Ar1413,Tr1618
Ar1497,Tr1619
Ar1498,Tr1620
Ar1165,Tr1621
Ar1137,Tr1621
Ar1226,Tr1622
Ar1499,Tr1622
Ar1500,Tr1623
Ar1116,Tr1624
Ar1501,Tr1624
Ar1502,Tr1625
Ar1213,Tr1626
Ar1315,Tr1627
Ar1503,Tr1627
Ar1005,Tr1627
Ar1309,Tr1628
Ar1306,Tr1629
Ar1504,Tr1629
Ar1213,Tr1630
Ar1095,Tr1631
Ar1505,Tr1631
Ar1074,Tr1632
Ar1506,Tr1633
Ar1507,Tr1633
Ar1508,Tr1633
Ar1509,Tr1633
Ar1461,Tr1634
Ar1109,Tr1635
Ar1510,Tr1635
Ar1371,Tr1636
Ar1211,Tr1637
Ar1511,Tr1637
Ar1443,Tr1637
Ar1444,Tr1637
Ar1466,Tr1637
Ar1512,Tr1637
Ar1513,Tr1637
Ar1514,Tr1637
Ar1011,Tr1638
Ar1515,Tr1638
Ar1516,Tr1639
Ar1517,Tr1639
Ar1482,Tr1640
Ar1518,Tr1640
Ar1226,Tr1641
Ar1045,Tr1641
Ar1239,Tr1642
Ar1002,Tr1642
Ar1408,Tr1642
Ar1040,Tr1643
Ar1200,Tr1643
Ar1519,Tr1644
Ar1520,Tr1644
Ar1001,Tr1645
Ar1521,Tr1646
Ar1144,Tr1647
Ar1004,Tr1647
Ar1519,Tr1648
Ar1520,Tr1648
Ar1073,Tr1649
Ar1475,Tr1650
Ar1522,Tr1650
Ar1523,Tr1650
Ar1524,Tr1651
Ar1525,Tr1651
Ar1184,Tr1652
Ar1526,Tr1653
Ar1493,Tr1654
Ar1527,Tr1655
Ar1245,Tr1656
Ar1528,Tr1656
Ar1529,Tr1657
Ar1245,Tr1658
Ar1245,Tr1659
Ar1530,Tr1660
Ar1531,Tr1660
Ar1532,Tr1660
Ar1496,Tr1661
Ar1010,Tr1662
Ar1533,Tr1662
Ar1534,Tr1662
Ar1535,Tr1662
Ar1536,Tr1662
Ar1537,Tr1662
Ar1519,Tr1663
Ar1538,Tr1663
Ar1539,Tr1663
Ar1109,Tr1664
Ar1519,Tr1664
Ar1540,Tr1665
Ar1541,Tr1665
Ar1152,Tr1666
Ar1116,Tr1667
Ar1109,Tr1668
Ar1542,Tr1668
Ar1543,Tr1669
Ar1544,Tr1669
Ar1545,Tr1670
Ar1005,Tr1671
Ar1089,Tr1672
Ar1546,Tr1673
Ar1547,Tr1673
Ar1548,Tr1674
Ar1075,Tr1674
Ar1058,Tr1675
Ar1515,Tr1675
Ar1107,Tr1676
Ar1549,Tr1677
Ar1196,Tr1678
Ar1550,Tr1679
Ar1144,Tr1680
Ar1245,Tr1681
Ar1551,Tr1682
Ar1482,Tr1683
Ar1552,Tr1683
Ar1245,Tr1684
Ar1058,Tr1685
Ar1515,Tr1685
Ar1245,Tr1686
Ar1109,Tr1687
Ar1519,Tr1687
Ar1446,Tr1688
Ar1553,Tr1688
Ar1055,Tr1689
Ar1056,Tr1689
Ar1017,Tr1690
Ar1167,Tr1691
Ar1005,Tr1691
Ar1497,Tr1692
Ar1036,Tr1693
Ar1554,Tr1693
Ar1553,Tr1694
Ar1144,Tr1694
Ar1291,Tr1695
Ar1555,Tr1696
Ar1006,Tr1697
Ar1556,Tr1698
Ar1245,Tr1699
Ar1149,Tr1700
Ar1557,Tr1700
Ar1558,Tr1701
Ar1559,Tr1702
Ar1027,Tr1702
Ar1152,Tr1703
Ar1344,Tr1704
Ar1202,Tr1705
Ar1560,Tr1706
Ar1561,Tr1707
Ar1562,Tr1708
Ar1563,Tr1708
Ar1564,Tr1709
Ar1309,Tr1709
Ar1081,Tr1710
Ar1005,Tr1711
Ar1565,Tr1712
Ar1314,Tr1713
Ar1036,Tr1714
Ar1494,Tr1715
Ar1003,Tr1716
Ar1566,Tr1717
Ar1567,Tr1718
Ar1568,Tr1719
Ar1083,Tr1719
Ar1568,Tr1720
Ar1219,Tr1720
Ar1569,Tr1721
Ar1570,Tr1722
Ar1571,Tr1722
Ar1572,Tr1723
Ar1573,Tr1723
Ar1344,Tr1724
Ar1574,Tr1725
Ar1575,Tr1726
Ar1167,Tr1727
Ar1005,Tr1727
Ar1446,Tr1728
Ar1576,Tr1729
Ar1453,Tr1730
Ar1248,Tr1731
Ar1021,Tr1732
Ar1577,Tr1732
Ar1578,Tr1732
Ar1574,Tr1733
Ar1579,Tr1734
Ar1553,Tr1735
Ar1453,Tr1735
Ar1037,Tr1736
Ar1580,Tr1737
Ar1581,Tr1737
Ar1511,Tr1738
Ar1043,Tr1738
Ar1010,Tr1738
Ar1515,Tr1739
Ar1582,Tr1740
Ar1291,Tr1740
Ar1583,Tr1740
Ar1073,Tr1741
Ar1050,Tr1742
Ar1167,Tr1743
Ar1584,Tr1744
Ar1585,Tr1744
Ar1586,Tr1744
Ar1587,Tr1744
Ar1017,Tr1745
Ar1144,Tr1746
Ar1315,Tr1746
Ar1588,Tr1747
Ar1199,Tr1748
Ar1446,Tr1749
Ar1589,Tr1750
Ar1438,Tr1750
Ar1017,Tr1751
Ar1590,Tr1752
Ar1240,Tr1752
Ar1062,Tr1752
Ar1309,Tr1753
Ar1591,Tr1754
Ar1592,Tr1754
Ar1593,Tr1754
Ar1594,Tr1754
Ar1595,Tr1754
Ar1596,Tr1754
Ar1597,Tr1755
Ar1144,Tr1756
Ar1093,Tr1757
Ar1116,Tr1758
Ar1116,Tr1759
Ar1598,Tr1759
Ar1599,Tr1759
Ar1005,Tr1760
Ar1005,Tr1761
Ar1116,Tr1762
Ar1116,Tr1763
Ar1600,Tr1763
Ar1005,Tr1764
Ar1116,Tr1765
Ar1051,Tr1766
Ar1601,Tr1766
Ar1005,Tr1767
Ar1116,Tr1768
Ar1194,Tr1768
Ar1602,Tr1769
Ar1005,Tr1769
Ar1116,Tr1770
Ar1603,Tr1771
Ar1005,Tr1771
Ar1005,Tr1772
Ar1116,Tr1773
Ar1604,Tr1773
Ar1116,Tr1774
Ar1605,Tr1774
Ar1501,Tr1774
Ar1005,Tr1775
Ar1005,Tr1776
Ar1606,Tr1776
Ar1116,Tr1777
Ar1005,Tr1778
Ar1116,Tr1779
Ar1607,Tr1779
Ar1608,Tr1779
Ar1005,Tr1780
Ar1609,Tr1781
Ar1583,Tr1781
Ar1005,Tr1782
Ar1005,Tr1783
Ar1005,Tr1784
Ar1034,Tr1784
Ar1344,Tr1785
Ar1005,Tr1786
Ar1610,Tr1787
Ar1116,Tr1788
Ar1611,Tr1788
Ar1612,Tr1789
Ar1220,Tr1789
Ar1613,Tr1790
Ar1116,Tr1791
Ar1430,Tr1792
Ar1614,Tr1793
Ar1094,Tr1794
Ar1116,Tr1795
Ar1116,Tr1796
Ar1107,Tr1797
Ar1116,Tr1798
Ar1615,Tr1799
Ar1027,Tr1800
Ar1574,Tr1800
Ar1116,Tr1801
Ar1616,Tr1802
Ar1617,Tr1802
Ar1116,Tr1803
Ar1618,Tr1803
Ar1466,Tr1804
Ar1189,Tr1804
Ar1619,Tr1805
Ar1486,Tr1805
Ar1620,Tr1806
Ar1621,Tr1806
Ar1093,Tr1807
Ar1108,Tr1807
Ar1622,Tr1808
Ar1623,Tr1809
Ar1241,Tr1810
Ar1624,Tr1811
Ar1625,Tr1812
Ar1626,Tr1813
Ar1023,Tr1813
Ar1627,Tr1814
Ar1116,Tr1815
Ar1628,Tr1816
Ar1004,Tr1817
Ar1629,Tr1818
Ar1074,Tr1819
Ar1074,Tr1820
Ar1017,Tr1821
Ar1017,Tr1822
Ar1074,Tr1823
Ar1309,Tr1824
Ar1590,Tr1825
Ar1055,Tr1825
Ar1056,Tr1825
Ar1038,Tr1825
Ar1127,Tr1826
Ar1036,Tr1826
Ar1138,Tr1826
Ar1074,Tr1827
Ar1017,Tr1828
Ar1268,Tr1829
Ar1239,Tr1829
Ar1630,Tr1829
Ar1097,Tr1829
Ar1475,Tr1830
Ar1314,Tr1830
Ar1017,Tr1831
Ar1631,Tr1832
Ar1027,Tr1833
Ar1632,Tr1833
Ar1017,Tr1834
Ar1017,Tr1835
Ar1219,Tr1836
Ar1633,Tr1837
Ar1634,Tr1837
Ar1017,Tr1838
Ar1017,Tr1839
Ar1490,Tr1840
Ar1635,Tr1840
Ar1636,Tr1841
Ar1306,Tr1842
Ar1017,Tr1843
Ar1077,Tr1844
Ar1049,Tr1844
Ar1637,Tr1845
Ar1054,Tr1846
Ar1638,Tr1846
Ar1639,Tr1846
Ar1236,Tr1847
Ar1043,Tr1848
Ar1017,Tr1849
Ar1640,Tr1850
Ar1641,Tr1851
Ar1642,Tr1852
Ar1643,Tr1853
Ar1218,Tr1854
Ar1511,Tr1855
Ar1021,Tr1855
Ar1609,Tr1855
Ar1644,Tr1855
Ar1583,Tr1855
Ar1165,Tr1856
Ar1645,Tr1857
Ar1646,Tr1858
Ar1647,Tr1859
Ar1648,Tr1860
Ar1649,Tr1860
Ar1298,Tr1861
Ar1650,Tr1862
Ar1651,Tr1863
Ar1165,Tr1864
Ar1475,Tr1865
Ar1105,Tr1865
Ar1652,Tr1865
Ar1653,Tr1866
Ar1654,Tr1866
Ar1655,Tr1866
Ar1555,Tr1867
Ar1226,Tr1867
Ar1200,Tr1867
Ar1656,Tr1868
Ar1657,Tr1869
Ar1658,Tr1870
Ar1659,Tr1870
Ar1660,Tr1870
Ar1661,Tr1871
Ar1520,Tr1872
Ar1074,Tr1872
Ar1662,Tr1872
Ar1165,Tr1873
Ar1663,Tr1873
Ar1515,Tr1873
Ar1664,Tr1874
Ar1021,Tr1875
Ar1043,Tr1876
Ar1218,Tr1877
Ar1665,Tr1878
Ar1014,Tr1879
Ar1666,Tr1880
Ar1667,Tr1881
Ar1253,Tr1882
Ar1025,Tr1882
Ar1475,Tr1883
Ar1127,Tr1884
Ar1219,Tr1884
Ar1590,Tr1884
Ar1668,Tr1884
Ar1009,Tr1885
Ar1669,Tr1885
Ar1669,Tr1886
Ar1670,Tr1886
Ar1054,Tr1887
Ar1041,Tr1887
Ar1671,Tr1887
Ar1672,Tr1888
Ar1161,Tr1888
Ar1673,Tr1888
Ar1111,Tr1889
Ar1401,Tr1889
Ar1096,Tr1890
Ar1248,Tr1891
Ar1475,Tr1892
Ar1674,Tr1893
Ar1675,Tr1893
Ar1484,Tr1894
Ar1676,Tr1895
Ar1021,Tr1896
Ar1677,Tr1897
Ar1021,Tr1898
Ar1217,Tr1899
Ar1083,Tr1900
Ar1083,Tr1901
Ar1566,Tr1902
Ar1087,Tr1903
Ar1021,Tr1903
Ar1678,Tr1904
Ar1286,Tr1905
Ar1010,Tr1905
Ar1021,Tr1906
Ar1679,Tr1907
Ar1430,Tr1908
Ar1095,Tr1909
Ar1496,Tr1909
Ar1680,Tr1910
Ar1609,Tr1910
Ar1681,Tr1910
Ar1682,Tr1910
Ar1134,Tr1911
Ar1683,Tr1912
Ar1318,Tr1913
Ar1144,Tr1914
Ar1267,Tr1915
Ar1684,Tr1916
Ar1685,Tr1916
Ar1515,Tr1917
Ar1615,Tr1918
Ar1686,Tr1918
Ar1687,Tr1918
Ar1688,Tr1919
Ar1689,Tr1919
Ar1690,Tr1919
Ar1165,Tr1920
Ar1038,Tr1920
Ar1165,Tr1921
Ar1137,Tr1921
Ar1038,Tr1921
Ar1004,Tr1922
Ar1004,Tr1923
Ar1165,Tr1924
Ar1038,Tr1924
Ar1004,Tr1925
Ar1165,Tr1926
Ar1038,Tr1926
Ar1004,Tr1927
Ar1165,Tr1928
Ar1038,Tr1928
Ar1004,Tr1929
Ar1004,Tr1930
Ar1691,Tr1931
Ar1692,Tr1931
Ar1165,Tr1932
Ar1038,Tr1932
Ar1693,Tr1933
Ar1165,Tr1934
Ar1165,Tr1935
Ar1038,Tr1935
Ar1004,Tr1936
Ar1694,Tr1937
Ar1004,Tr1938
Ar1021,Tr1939
Ar1574,Tr1939
Ar1021,Tr1940
Ar1466,Tr1940
Ar1262,Tr1940
Ar1651,Tr1941
