Metric_ID,Track_ID,danceability_%,valence_%,energy_%,acousticness_%,instrumentalness_%,liveness_%,speechiness_%,bpm,mode
Mt1000,Tr1000,80,89,83,31,0,8,4,125,Major
Mt1001,Tr1001,71,61,74,7,0,10,4,92,Major
Mt1002,Tr1002,51,32,53,17,0,31,6,138,Major
Mt1003,Tr1003,55,58,72,11,0,11,15,170,Major
Mt1004,Tr1004,65,23,80,14,63,11,6,144,Minor
Mt1005,Tr1005,92,66,58,19,0,8,24,141,Major
Mt1006,Tr1006,67,83,76,48,0,8,3,148,Minor
Mt1007,Tr1007,67,26,71,37,0,11,4,100,Major
Mt1008,Tr1008,85,22,62,12,0,28,9,130,Minor
Mt1009,Tr1009,81,56,48,21,0,8,33,170,Minor
Mt1010,Tr1010,57,56,72,23,0,27,5,83,Minor
Mt1011,Tr1011,78,52,82,18,0,15,7,150,Minor
Mt1012,Tr1012,71,65,68,6,0,3,7,118,Major
Mt1013,Tr1013,51,32,43,83,0,9,3,130,Minor
Mt1014,Tr1014,52,66,73,34,0,31,6,174,Minor
Mt1015,Tr1015,64,43,73,5,17,16,4,89,Major
Mt1016,Tr1016,78,76,59,43,0,34,3,120,Minor
Mt1017,Tr1017,44,14,9,96,0,10,3,78,Major
Mt1018,Tr1018,86,67,66,14,0,12,16,100,Major
Mt1019,Tr1019,63,36,73,0,0,36,4,120,Major
Mt1020,Tr1020,65,87,74,22,0,42,4,140,Minor
Mt1021,Tr1021,69,82,76,6,0,6,3,123,Major
Mt1022,Tr1022,48,44,42,12,2,11,3,135,Minor
Mt1023,Tr1023,85,81,67,26,0,12,5,133,Minor
Mt1024,Tr1024,85,83,68,7,0,36,20,99,Major
Mt1025,Tr1025,79,96,86,9,0,9,9,130,Minor
Mt1026,Tr1026,80,82,80,43,0,14,4,107,Major
Mt1027,Tr1027,81,74,71,14,0,56,4,122,Minor
Mt1028,Tr1028,52,52,68,46,0,15,4,204,Major
Mt1029,Tr1029,67,78,85,2,0,33,5,110,Minor
Mt1030,Tr1030,74,35,84,0,0,11,6,126,Minor
Mt1031,Tr1031,56,63,87,39,0,11,5,168,Major
Mt1032,Tr1032,71,17,61,36,0,8,5,98,Minor
Mt1033,Tr1033,64,51,63,12,0,19,5,97,Major
Mt1034,Tr1034,72,61,63,67,0,9,28,180,Minor
Mt1035,Tr1035,81,63,68,11,0,11,4,120,Major
Mt1036,Tr1036,61,39,73,37,0,11,3,150,Major
Mt1037,Tr1037,75,57,68,9,0,13,6,96,Major
Mt1038,Tr1038,60,48,79,0,0,12,4,95,Major
Mt1039,Tr1039,79,96,85,27,0,11,6,125,Minor
Mt1040,Tr1040,56,84,65,23,0,10,6,144,Minor
Mt1041,Tr1041,76,91,50,54,0,7,5,90,Major
Mt1042,Tr1042,56,38,97,4,0,35,4,128,Minor
Mt1043,Tr1043,56,58,56,37,0,11,10,79,Major
Mt1044,Tr1044,77,75,58,52,0,23,25,144,Major
Mt1045,Tr1045,67,49,64,10,0,10,3,122,Major
Mt1046,Tr1046,71,82,81,11,0,6,5,140,Major
Mt1047,Tr1047,59,51,52,9,0,15,7,134,Minor
Mt1048,Tr1048,68,49,59,16,0,13,28,186,Major
Mt1049,Tr1049,53,50,53,23,0,44,7,67,Minor
Mt1050,Tr1050,72,17,64,7,0,10,5,106,Minor
Mt1051,Tr1051,60,23,91,0,0,12,3,128,Major
Mt1052,Tr1052,92,55,70,18,0,15,7,107,Minor
Mt1053,Tr1053,67,96,88,12,19,8,4,130,Minor
Mt1054,Tr1054,45,13,54,70,0,9,4,123,Minor
Mt1055,Tr1055,50,38,80,0,0,9,7,171,Major
Mt1056,Tr1056,64,88,72,51,0,17,5,137,Minor
Mt1057,Tr1057,84,85,68,58,0,22,4,125,Minor
Mt1058,Tr1058,86,42,72,59,0,9,19,128,Minor
Mt1059,Tr1059,61,53,58,55,0,27,4,130,Minor
Mt1060,Tr1060,86,59,96,50,1,9,5,130,Major
Mt1061,Tr1061,70,86,81,25,0,25,5,133,Major
Mt1062,Tr1062,88,72,59,62,0,9,3,101,Major
Mt1063,Tr1063,77,53,64,74,0,17,14,95,Minor
Mt1064,Tr1064,90,40,59,0,0,10,29,98,Minor
Mt1065,Tr1065,43,28,66,0,0,23,3,173,Major
Mt1066,Tr1066,64,10,62,7,0,48,7,90,Major
Mt1067,Tr1067,59,71,42,55,0,10,7,198,Minor
Mt1068,Tr1068,56,48,73,0,0,35,4,140,Major
Mt1069,Tr1069,51,22,53,1,0,15,3,82,Major
Mt1070,Tr1070,77,84,89,17,0,43,5,130,Minor
Mt1071,Tr1071,76,53,53,44,0,9,9,81,Major
Mt1072,Tr1072,51,14,59,65,18,25,3,94,Minor
Mt1073,Tr1073,61,41,81,5,2,10,3,124,Major
Mt1074,Tr1074,62,55,78,1,3,23,4,128,Major
Mt1075,Tr1075,49,42,62,9,0,11,3,138,Minor
Mt1076,Tr1076,58,27,48,50,0,12,3,132,Major
Mt1077,Tr1077,71,24,47,1,0,27,9,131,Major
Mt1078,Tr1078,78,58,73,5,0,10,7,168,Minor
Mt1079,Tr1079,68,40,79,33,0,30,6,98,Major
Mt1080,Tr1080,48,50,73,43,0,15,4,102,Major
Mt1081,Tr1081,34,32,57,78,0,20,3,101,Major
Mt1082,Tr1082,63,36,34,76,0,35,9,130,Major
Mt1083,Tr1083,50,20,64,1,0,12,3,142,Major
Mt1084,Tr1084,59,48,76,4,0,10,5,170,Major
Mt1085,Tr1085,78,70,68,3,1,11,4,124,Minor
Mt1086,Tr1086,50,45,41,75,0,11,3,110,Major
Mt1087,Tr1087,91,43,71,9,0,9,8,92,Minor
Mt1088,Tr1088,82,40,66,39,51,25,7,116,Major
Mt1089,Tr1089,63,84,82,70,8,9,7,129,Major
Mt1090,Tr1090,71,67,60,19,0,12,3,98,Major
Mt1091,Tr1091,74,76,76,6,0,10,9,172,Minor
Mt1092,Tr1092,68,14,76,4,0,10,4,150,Major
Mt1093,Tr1093,62,19,53,11,0,6,4,136,Minor
Mt1094,Tr1094,53,34,47,9,0,83,4,88,Minor
Mt1095,Tr1095,83,69,44,15,0,10,33,143,Major
Mt1096,Tr1096,49,17,35,71,9,11,3,100,Minor
Mt1097,Tr1097,56,39,55,14,0,11,13,143,Major
Mt1098,Tr1098,56,24,66,7,0,12,3,112,Minor
Mt1099,Tr1099,62,57,59,3,0,38,3,93,Major
Mt1100,Tr1100,43,50,55,50,0,15,10,206,Major
Mt1101,Tr1101,68,17,71,15,0,11,5,88,Minor
Mt1102,Tr1102,50,37,90,0,0,12,5,170,Major
Mt1103,Tr1103,62,24,67,21,0,13,28,84,Minor
Mt1104,Tr1104,81,53,72,51,0,12,5,134,Minor
Mt1105,Tr1105,54,50,40,61,0,10,6,158,Major
Mt1106,Tr1106,80,92,80,4,0,10,3,116,Major
Mt1107,Tr1107,61,45,69,2,0,9,3,117,Major
Mt1108,Tr1108,77,65,72,2,0,7,5,114,Minor
Mt1109,Tr1109,61,47,68,0,0,13,3,108,Minor
Mt1110,Tr1110,74,37,53,7,0,21,10,144,Minor
Mt1111,Tr1111,51,18,44,76,0,11,3,130,Major
Mt1112,Tr1112,77,79,62,33,1,15,3,116,Major
Mt1113,Tr1113,65,49,78,0,0,17,4,121,Major
Mt1114,Tr1114,64,54,81,36,0,11,6,112,Major
Mt1115,Tr1115,70,47,52,30,0,6,33,100,Minor
Mt1116,Tr1116,55,30,78,24,0,12,8,150,Minor
Mt1117,Tr1117,84,96,71,18,0,34,17,120,Minor
Mt1118,Tr1118,82,89,85,4,0,23,6,127,Minor
Mt1119,Tr1119,51,42,61,53,0,9,3,90,Major
Mt1120,Tr1120,75,79,63,33,0,15,4,128,Minor
Mt1121,Tr1121,64,31,87,4,4,8,4,143,Major
Mt1122,Tr1122,74,68,68,3,0,26,4,139,Major
Mt1123,Tr1123,49,78,64,19,0,11,4,162,Major
Mt1124,Tr1124,81,39,60,31,0,7,3,92,Major
Mt1125,Tr1125,87,57,55,10,0,29,7,95,Major
Mt1126,Tr1126,63,88,93,3,0,10,8,146,Major
Mt1127,Tr1127,55,56,82,12,0,34,5,95,Major
Mt1128,Tr1128,35,12,30,93,0,10,3,115,Minor
Mt1129,Tr1129,78,59,65,10,0,26,5,128,Major
Mt1130,Tr1130,82,69,83,3,0,27,5,130,Minor
Mt1131,Tr1131,80,74,77,36,0,11,4,127,Minor
Mt1132,Tr1132,42,20,86,21,0,9,9,150,Major
Mt1133,Tr1133,78,50,63,27,0,9,5,122,Minor
Mt1134,Tr1134,52,20,85,0,0,7,5,140,Major
Mt1135,Tr1135,63,22,54,46,0,12,8,140,Major
Mt1136,Tr1136,75,48,53,18,0,18,34,119,Minor
Mt1137,Tr1137,76,96,72,32,0,9,4,110,Minor
Mt1138,Tr1138,60,17,45,16,0,11,2,95,Major
Mt1139,Tr1139,56,20,55,45,1,32,3,132,Major
Mt1140,Tr1140,77,74,78,4,0,23,11,125,Minor
Mt1141,Tr1141,84,65,50,67,0,13,6,124,Minor
Mt1142,Tr1142,93,68,65,42,0,12,25,133,Minor
Mt1143,Tr1143,92,67,66,0,0,36,9,112,Major
Mt1144,Tr1144,79,92,89,5,0,6,5,97,Major
Mt1145,Tr1145,59,52,48,38,5,10,11,90,Minor
Mt1146,Tr1146,65,27,69,8,0,53,4,80,Minor
Mt1147,Tr1147,45,33,59,6,0,8,3,172,Major
Mt1148,Tr1148,60,24,35,73,0,31,3,120,Major
Mt1149,Tr1149,74,96,80,18,0,5,5,140,Minor
Mt1150,Tr1150,81,90,77,1,0,9,5,128,Minor
Mt1151,Tr1151,78,70,81,57,0,10,5,122,Major
Mt1152,Tr1152,47,86,92,8,0,5,24,130,Major
Mt1153,Tr1153,69,61,71,33,0,31,20,160,Major
Mt1154,Tr1154,73,87,70,6,0,28,5,144,Major
Mt1155,Tr1155,50,85,52,11,0,28,6,192,Major
Mt1156,Tr1156,54,40,67,0,0,9,17,163,Major
Mt1157,Tr1157,66,48,71,6,0,12,4,122,Minor
Mt1158,Tr1158,61,41,74,21,0,40,6,154,Major
Mt1159,Tr1159,73,31,69,6,0,11,4,117,Minor
Mt1160,Tr1160,78,89,83,10,0,12,5,138,Minor
Mt1161,Tr1161,86,74,80,33,0,8,6,96,Major
Mt1162,Tr1162,77,36,63,1,0,36,5,104,Major
Mt1163,Tr1163,45,24,62,8,0,16,3,164,Major
Mt1164,Tr1164,68,61,82,2,0,50,3,118,Major
Mt1165,Tr1165,68,51,60,3,0,19,10,81,Minor
Mt1166,Tr1166,82,73,45,54,0,7,3,117,Major
Mt1167,Tr1167,45,10,37,97,25,64,4,174,Major
Mt1168,Tr1168,73,60,77,3,0,11,4,128,Major
Mt1169,Tr1169,60,43,27,94,0,14,4,145,Major
Mt1170,Tr1170,65,51,55,73,0,14,3,150,Minor
Mt1171,Tr1171,60,13,53,4,0,21,4,90,Minor
Mt1172,Tr1172,55,42,53,17,0,22,3,85,Major
Mt1173,Tr1173,33,38,71,20,0,28,5,180,Major
Mt1174,Tr1174,71,40,50,16,0,16,22,160,Major
Mt1175,Tr1175,65,95,80,5,0,41,16,160,Major
Mt1176,Tr1176,70,81,63,4,0,8,4,92,Major
Mt1177,Tr1177,56,53,64,11,0,45,6,170,Major
Mt1178,Tr1178,83,93,65,58,0,9,8,96,Minor
Mt1179,Tr1179,67,40,52,86,0,12,4,120,Major
Mt1180,Tr1180,70,37,54,6,0,9,8,98,Major
Mt1181,Tr1181,53,12,34,1,0,12,4,92,Major
Mt1182,Tr1182,34,24,56,4,0,11,3,150,Major
Mt1183,Tr1183,37,17,47,2,46,11,3,94,Major
Mt1184,Tr1184,74,36,63,26,0,27,5,90,Minor
Mt1185,Tr1185,54,54,55,67,0,42,11,160,Major
Mt1186,Tr1186,70,59,75,24,0,9,4,120,Major
Mt1187,Tr1187,63,46,85,1,0,9,5,109,Major
Mt1188,Tr1188,57,41,66,63,0,12,5,129,Minor
Mt1189,Tr1189,54,75,60,30,0,7,5,157,Major
Mt1190,Tr1190,63,49,73,5,0,9,3,130,Major
Mt1191,Tr1191,65,19,72,10,0,13,25,107,Minor
Mt1192,Tr1192,50,67,89,0,0,19,8,146,Minor
Mt1193,Tr1193,48,37,41,32,0,10,10,139,Minor
Mt1194,Tr1194,74,76,70,7,0,13,3,116,Major
Mt1195,Tr1195,84,52,77,12,0,7,4,95,Minor
Mt1196,Tr1196,62,55,80,15,0,37,7,170,Minor
Mt1197,Tr1197,81,18,64,3,0,10,11,134,Minor
Mt1198,Tr1198,57,86,90,2,0,9,5,84,Minor
Mt1199,Tr1199,61,20,48,21,0,12,6,146,Minor
Mt1200,Tr1200,53,24,67,11,0,10,28,74,Minor
Mt1201,Tr1201,75,35,48,84,0,10,12,144,Major
Mt1202,Tr1202,77,79,73,15,0,27,10,136,Minor
Mt1203,Tr1203,56,53,55,53,0,12,4,100,Major
Mt1204,Tr1204,89,67,78,9,0,7,33,105,Minor
Mt1205,Tr1205,67,24,78,15,0,30,4,106,Major
Mt1206,Tr1206,85,53,68,40,0,9,4,132,Major
Mt1207,Tr1207,78,5,30,21,0,13,5,120,Major
Mt1208,Tr1208,82,51,39,2,0,9,49,155,Major
Mt1209,Tr1209,70,42,43,78,0,11,3,129,Major
Mt1210,Tr1210,80,85,74,62,0,8,9,135,Minor
Mt1211,Tr1211,73,45,62,28,0,13,13,98,Minor
Mt1212,Tr1212,84,64,39,3,0,11,4,124,Minor
Mt1213,Tr1213,77,28,55,18,0,22,15,135,Minor
Mt1214,Tr1214,78,39,53,30,0,11,6,107,Major
Mt1215,Tr1215,54,25,74,14,0,9,11,96,Major
Mt1216,Tr1216,71,58,70,30,0,32,19,123,Major
Mt1217,Tr1217,62,7,62,6,0,58,6,90,Major
Mt1218,Tr1218,72,45,59,14,0,20,21,117,Minor
Mt1219,Tr1219,78,90,84,31,0,7,4,133,Minor
Mt1220,Tr1220,74,61,83,11,0,35,6,96,Minor
Mt1221,Tr1221,66,85,60,40,0,14,13,149,Major
Mt1222,Tr1222,66,32,40,81,0,11,3,110,Minor
Mt1223,Tr1223,95,62,52,3,0,5,16,105,Major
Mt1224,Tr1224,80,69,78,28,0,11,14,105,Major
Mt1225,Tr1225,76,61,58,6,0,16,3,134,Major
Mt1226,Tr1226,71,59,56,4,0,27,12,170,Minor
Mt1227,Tr1227,59,26,60,46,1,25,13,81,Major
Mt1228,Tr1228,63,75,92,31,0,91,5,154,Major
Mt1229,Tr1229,69,69,51,63,0,38,4,169,Major
Mt1230,Tr1230,78,64,69,4,0,7,14,115,Major
Mt1231,Tr1231,43,14,74,1,0,19,8,84,Minor
Mt1232,Tr1232,79,58,62,11,0,11,23,93,Major
Mt1233,Tr1233,82,47,62,10,0,10,15,91,Major
Mt1234,Tr1234,82,54,44,6,0,33,7,142,Minor
Mt1235,Tr1235,78,20,70,1,0,16,4,126,Major
Mt1236,Tr1236,73,10,44,26,0,16,8,97,Major
Mt1237,Tr1237,92,59,51,41,51,26,8,101,Major
Mt1238,Tr1238,80,23,48,14,0,6,5,98,Minor
Mt1239,Tr1239,59,63,89,18,0,80,9,154,Major
Mt1240,Tr1240,91,63,58,52,0,31,22,120,Major
Mt1241,Tr1241,49,4,55,7,0,6,3,150,Major
Mt1242,Tr1242,47,27,78,11,0,10,8,174,Major
Mt1243,Tr1243,34,25,51,69,0,18,4,202,Major
Mt1244,Tr1244,56,42,52,5,0,36,24,153,Minor
Mt1245,Tr1245,60,13,37,58,0,13,3,142,Major
Mt1246,Tr1246,84,55,47,26,0,20,64,108,Minor
Mt1247,Tr1247,83,25,69,4,0,23,12,143,Major
Mt1248,Tr1248,67,55,67,60,0,80,5,108,Major
Mt1249,Tr1249,95,78,66,3,0,4,6,104,Minor
Mt1250,Tr1250,84,96,79,43,0,18,11,93,Minor
Mt1251,Tr1251,65,46,53,16,0,9,5,105,Minor
Mt1252,Tr1252,44,27,32,89,0,14,5,170,Major
Mt1253,Tr1253,62,56,66,18,0,12,5,178,Minor
Mt1254,Tr1254,50,44,76,10,0,32,5,176,Minor
Mt1255,Tr1255,80,38,88,11,0,11,5,104,Minor
Mt1256,Tr1256,70,83,84,31,0,47,30,85,Major
Mt1257,Tr1257,77,69,58,39,0,26,5,117,Minor
Mt1258,Tr1258,52,57,48,86,0,15,39,80,Major
Mt1259,Tr1259,44,36,41,50,0,38,5,98,Major
Mt1260,Tr1260,79,58,78,34,0,11,25,178,Minor
Mt1261,Tr1261,51,27,33,48,0,22,3,148,Major
Mt1262,Tr1262,77,94,66,65,0,38,3,120,Major
Mt1263,Tr1263,68,38,88,1,0,8,5,122,Minor
Mt1264,Tr1264,74,75,73,42,0,9,4,144,Major
Mt1265,Tr1265,93,47,47,33,0,10,36,96,Major
Mt1266,Tr1266,77,35,88,16,0,17,9,137,Major
Mt1267,Tr1267,94,71,61,12,0,53,42,121,Minor
Mt1268,Tr1268,60,10,57,1,0,50,3,119,Minor
Mt1269,Tr1269,72,40,47,71,0,13,4,96,Major
Mt1270,Tr1270,87,53,52,66,1,11,5,111,Major
Mt1271,Tr1271,90,74,68,14,0,10,19,148,Major
Mt1272,Tr1272,57,80,59,8,0,6,5,182,Major
Mt1273,Tr1273,79,82,86,28,0,4,9,141,Major
Mt1274,Tr1274,76,80,81,19,0,6,9,145,Minor
Mt1275,Tr1275,76,26,70,1,0,41,6,110,Minor
Mt1276,Tr1276,70,35,41,41,0,10,3,134,Major
Mt1277,Tr1277,92,78,62,18,0,6,10,130,Major
Mt1278,Tr1278,84,88,53,35,0,8,7,145,Major
Mt1279,Tr1279,69,36,90,1,10,15,4,130,Minor
Mt1280,Tr1280,59,69,53,12,0,23,3,173,Major
Mt1281,Tr1281,75,55,76,25,0,10,15,92,Minor
Mt1282,Tr1282,56,57,87,0,1,10,4,105,Minor
Mt1283,Tr1283,59,15,64,43,90,12,10,175,Minor
Mt1284,Tr1284,80,33,70,22,0,9,4,120,Minor
Mt1285,Tr1285,70,77,48,37,0,12,5,139,Minor
Mt1286,Tr1286,59,56,82,12,0,12,6,132,Minor
Mt1287,Tr1287,32,17,74,14,0,17,3,114,Major
Mt1288,Tr1288,54,19,48,36,0,37,5,145,Minor
Mt1289,Tr1289,82,67,69,0,0,18,4,110,Major
Mt1290,Tr1290,89,61,66,17,0,36,16,94,Major
Mt1291,Tr1291,45,17,60,21,0,33,4,134,Major
Mt1292,Tr1292,62,32,76,0,0,39,4,120,Major
Mt1293,Tr1293,70,86,68,24,0,11,4,123,Minor
Mt1294,Tr1294,77,84,71,35,0,15,4,131,Major
Mt1295,Tr1295,70,6,73,1,0,36,26,171,Major
Mt1296,Tr1296,80,64,76,2,0,20,6,130,Minor
Mt1297,Tr1297,82,53,67,34,0,9,8,94,Major
Mt1298,Tr1298,73,44,57,39,0,32,6,89,Minor
Mt1299,Tr1299,65,71,56,4,0,15,20,87,Minor
Mt1300,Tr1300,72,79,78,55,0,15,30,124,Minor
Mt1301,Tr1301,71,80,65,51,0,22,32,78,Major
Mt1302,Tr1302,70,70,79,7,0,18,10,120,Major
Mt1303,Tr1303,48,50,80,40,0,37,20,96,Minor
Mt1304,Tr1304,73,22,86,31,0,12,4,106,Major
Mt1305,Tr1305,78,75,46,62,0,12,35,170,Minor
Mt1306,Tr1306,67,11,76,8,47,30,7,134,Minor
Mt1307,Tr1307,71,90,73,30,0,11,5,115,Major
Mt1308,Tr1308,74,79,87,45,0,30,3,130,Major
Mt1309,Tr1309,65,63,79,3,0,10,3,118,Major
Mt1310,Tr1310,59,22,38,42,0,12,3,110,Major
Mt1311,Tr1311,72,42,66,18,4,19,4,100,Major
Mt1312,Tr1312,70,76,79,26,0,11,7,142,Minor
Mt1313,Tr1313,64,18,37,72,0,12,7,140,Major
Mt1314,Tr1314,90,96,73,62,0,9,4,116,Major
Mt1315,Tr1315,73,64,85,25,0,61,3,120,Major
Mt1316,Tr1316,76,46,79,31,0,7,6,92,Minor
Mt1317,Tr1317,81,64,79,5,0,31,3,110,Minor
Mt1318,Tr1318,71,57,97,1,0,13,11,120,Major
Mt1319,Tr1319,63,40,61,9,0,56,6,80,Major
Mt1320,Tr1320,95,43,69,47,0,9,31,115,Minor
Mt1321,Tr1321,58,46,67,65,0,13,4,76,Major
Mt1322,Tr1322,60,77,78,45,0,12,6,172,Major
Mt1323,Tr1323,40,45,56,69,0,9,5,99,Major
Mt1324,Tr1324,36,12,57,9,0,14,8,136,Minor
Mt1325,Tr1325,90,64,14,67,35,11,10,150,Minor
Mt1326,Tr1326,71,41,31,79,0,10,5,92,Minor
Mt1327,Tr1327,77,72,87,17,0,7,5,95,Major
Mt1328,Tr1328,83,58,83,21,0,10,5,102,Minor
Mt1329,Tr1329,70,34,55,43,0,16,6,145,Minor
Mt1330,Tr1330,50,24,86,0,0,64,4,110,Major
Mt1331,Tr1331,64,30,77,46,0,38,6,95,Major
Mt1332,Tr1332,68,81,82,53,0,9,13,94,Minor
Mt1333,Tr1333,61,92,91,0,0,26,3,142,Major
Mt1334,Tr1334,59,20,74,1,0,15,5,145,Minor
Mt1335,Tr1335,64,67,80,0,0,36,3,121,Minor
Mt1336,Tr1336,66,43,76,49,0,12,3,140,Minor
Mt1337,Tr1337,84,44,67,8,0,11,6,137,Minor
Mt1338,Tr1338,56,72,85,0,0,15,3,104,Major
Mt1339,Tr1339,57,68,76,7,0,33,3,92,Major
Mt1340,Tr1340,74,51,45,86,0,21,38,146,Minor
Mt1341,Tr1341,56,20,43,89,0,12,4,120,Major
Mt1342,Tr1342,68,83,81,9,0,8,4,144,Major
Mt1343,Tr1343,59,44,56,80,0,6,3,94,Major
Mt1344,Tr1344,73,65,79,5,2,11,6,94,Major
Mt1345,Tr1345,79,66,74,8,0,11,5,113,Minor
Mt1346,Tr1346,50,49,76,12,0,12,3,148,Major
Mt1347,Tr1347,70,29,73,12,0,11,26,98,Major
Mt1348,Tr1348,58,26,38,91,0,10,4,140,Major
Mt1349,Tr1349,36,28,28,81,0,18,3,100,Major
Mt1350,Tr1350,86,68,79,39,0,11,29,140,Major
Mt1351,Tr1351,59,78,94,27,0,29,23,100,Minor
Mt1352,Tr1352,59,49,65,2,0,13,3,100,Minor
Mt1353,Tr1353,87,82,70,42,0,21,5,132,Minor
Mt1354,Tr1354,49,48,67,10,0,26,3,142,Major
Mt1355,Tr1355,72,96,63,25,0,21,7,176,Minor
Mt1356,Tr1356,53,51,70,49,0,14,3,140,Major
Mt1357,Tr1357,55,40,90,1,0,32,6,105,Minor
Mt1358,Tr1358,81,97,77,75,0,35,3,135,Major
Mt1359,Tr1359,82,61,59,30,0,12,4,128,Minor
Mt1360,Tr1360,74,43,69,12,0,12,7,101,Major
Mt1361,Tr1361,88,43,50,7,0,14,5,122,Major
Mt1362,Tr1362,76,49,56,80,12,10,13,105,Minor
Mt1363,Tr1363,53,40,36,73,0,11,33,83,Major
Mt1364,Tr1364,72,59,76,24,0,42,28,77,Minor
Mt1365,Tr1365,75,18,25,78,0,11,26,140,Minor
Mt1366,Tr1366,65,72,95,31,0,92,5,158,Major
Mt1367,Tr1367,75,43,65,15,0,11,32,176,Major
Mt1368,Tr1368,73,88,57,56,0,5,2,98,Major
Mt1369,Tr1369,66,47,40,72,0,11,3,107,Minor
Mt1370,Tr1370,66,16,57,10,1,12,3,109,Minor
Mt1371,Tr1371,84,72,74,10,0,34,7,109,Minor
Mt1372,Tr1372,53,61,81,5,0,36,4,148,Major
Mt1373,Tr1373,60,52,76,17,0,19,5,158,Minor
Mt1374,Tr1374,74,64,73,6,0,10,6,94,Minor
Mt1375,Tr1375,70,40,51,35,0,10,4,96,Minor
Mt1376,Tr1376,80,29,67,29,0,12,3,100,Minor
Mt1377,Tr1377,58,42,68,1,0,14,4,105,Major
Mt1378,Tr1378,53,32,66,38,0,9,3,125,Major
Mt1379,Tr1379,56,56,63,13,0,19,27,170,Minor
Mt1380,Tr1380,70,84,90,17,0,41,6,115,Major
Mt1381,Tr1381,64,25,89,0,0,15,9,122,Major
Mt1382,Tr1382,88,82,80,8,0,11,8,105,Minor
Mt1383,Tr1383,66,74,84,25,0,21,4,133,Major
Mt1384,Tr1384,79,60,68,7,0,26,4,100,Major
Mt1385,Tr1385,82,55,45,15,3,9,10,120,Minor
Mt1386,Tr1386,25,17,30,90,0,13,3,177,Major
Mt1387,Tr1387,64,31,72,15,0,9,5,142,Minor
Mt1388,Tr1388,57,47,84,1,1,52,4,144,Minor
Mt1389,Tr1389,65,80,86,9,0,19,10,120,Minor
Mt1390,Tr1390,92,73,51,55,0,15,6,135,Major
Mt1391,Tr1391,81,82,78,38,0,12,4,107,Major
Mt1392,Tr1392,82,62,74,10,0,33,7,105,Major
Mt1393,Tr1393,44,38,77,9,0,9,20,108,Minor
Mt1394,Tr1394,51,62,79,22,13,14,3,147,Minor
Mt1395,Tr1395,71,34,88,16,0,44,4,115,Major
Mt1396,Tr1396,70,57,64,23,0,8,32,174,Major
Mt1397,Tr1397,68,83,71,3,0,31,8,90,Minor
Mt1398,Tr1398,41,9,25,84,1,14,4,141,Minor
Mt1399,Tr1399,68,50,49,56,0,8,4,82,Major
Mt1400,Tr1400,47,25,43,62,0,32,3,92,Major
Mt1401,Tr1401,77,65,80,6,0,15,4,116,Minor
Mt1402,Tr1402,79,59,86,4,0,8,11,124,Minor
Mt1403,Tr1403,71,83,89,1,0,17,9,125,Minor
Mt1404,Tr1404,80,71,69,2,0,27,10,90,Major
Mt1405,Tr1405,46,34,64,31,0,7,34,83,Major
Mt1406,Tr1406,79,68,79,1,0,10,8,124,Minor
Mt1407,Tr1407,58,4,60,7,41,8,3,140,Major
Mt1408,Tr1408,64,61,91,15,0,72,4,154,Major
Mt1409,Tr1409,74,89,70,2,0,5,6,150,Minor
Mt1410,Tr1410,41,9,61,2,0,12,5,186,Minor
Mt1411,Tr1411,40,23,48,5,0,12,3,166,Minor
Mt1412,Tr1412,87,20,83,0,4,31,9,107,Major
Mt1413,Tr1413,87,52,52,31,0,28,24,87,Major
Mt1414,Tr1414,40,39,64,21,0,7,7,82,Major
Mt1415,Tr1415,46,60,28,91,0,21,4,114,Minor
Mt1416,,91,97,57,38,0,40,29,140,Major
Mt1417,Tr1416,90,76,81,15,24,33,6,101,Major
Mt1418,Tr1417,81,6,84,5,23,6,6,140,Minor
Mt1419,Tr1418,49,24,66,19,0,18,29,88,Minor
Mt1420,Tr1419,64,44,65,28,0,14,12,180,Major
Mt1421,Tr1420,95,91,89,6,0,31,24,133,Major
Mt1422,Tr1421,63,20,55,72,0,6,6,108,Minor
Mt1423,Tr1422,39,24,43,39,0,23,3,80,Minor
Mt1424,Tr1423,80,46,62,3,6,11,46,75,Minor
Mt1425,Tr1424,67,26,64,52,0,17,10,121,Minor
Mt1426,Tr1425,58,17,62,18,0,20,8,140,Minor
Mt1427,Tr1426,81,59,90,5,0,36,3,126,Minor
Mt1428,Tr1427,58,29,94,0,0,9,11,102,Major
Mt1429,Tr1428,70,31,34,60,1,11,4,82,Major
Mt1430,Tr1429,46,53,78,23,0,72,6,121,Minor
Mt1431,Tr1430,70,92,83,1,0,7,6,103,Minor
Mt1432,Tr1431,82,88,76,9,0,12,9,108,Minor
Mt1433,Tr1432,65,36,47,31,0,12,10,85,Minor
Mt1434,Tr1433,84,70,69,1,0,5,5,125,Minor
Mt1435,Tr1434,69,40,39,41,0,13,6,120,Major
Mt1436,Tr1435,58,44,57,57,0,10,3,94,Major
Mt1437,Tr1436,65,49,80,22,4,7,5,130,Minor
Mt1438,Tr1437,74,51,74,2,0,29,4,110,Major
Mt1439,Tr1438,34,33,63,16,0,7,4,150,Major
Mt1440,Tr1439,74,88,65,28,0,46,3,107,Minor
Mt1441,Tr1440,70,85,41,71,0,45,5,140,Major
Mt1442,Tr1441,74,78,37,84,0,6,3,119,Major
Mt1443,Tr1442,35,38,23,91,0,29,3,93,Major
Mt1444,Tr1443,46,53,63,5,0,30,18,133,Major
Mt1445,Tr1444,24,76,60,77,0,12,4,202,Major
Mt1446,Tr1445,45,72,24,91,0,18,4,134,Major
Mt1447,Tr1446,72,33,51,48,0,9,3,105,Major
Mt1448,Tr1447,51,69,81,0,0,21,5,160,Major
Mt1449,Tr1448,50,96,82,47,0,34,4,148,Major
Mt1450,Tr1449,65,70,47,87,0,9,4,151,Major
Mt1451,Tr1450,67,88,54,51,0,9,4,162,Minor
Mt1452,Tr1451,53,84,77,40,0,32,3,92,Major
Mt1453,Tr1452,65,35,65,44,18,21,7,152,Major
Mt1454,Tr1453,71,55,26,85,0,13,8,65,Minor
Mt1455,Tr1454,33,39,61,32,0,77,3,147,Major
Mt1456,Tr1455,73,71,69,53,0,32,9,150,Minor
Mt1457,Tr1456,67,81,36,64,0,15,3,140,Major
Mt1458,Tr1457,36,22,15,84,0,11,4,139,Major
Mt1459,Tr1458,75,74,58,36,0,9,3,95,Major
Mt1460,Tr1459,60,23,57,0,2,27,3,115,Major
Mt1461,Tr1460,62,59,43,84,3,11,5,125,Major
Mt1462,Tr1461,60,19,20,78,0,11,5,76,Major
Mt1463,Tr1462,72,91,87,14,0,13,3,101,Minor
Mt1464,Tr1463,51,51,66,67,0,9,23,119,Minor
Mt1465,,67,22,59,76,1,15,16,78,Major
Mt1466,Tr1464,23,19,25,91,0,40,3,96,Major
Mt1467,Tr1465,51,87,58,36,0,18,4,180,Major
Mt1468,Tr1466,34,35,76,39,0,8,5,126,Major
Mt1469,Tr1467,43,42,44,57,0,15,6,150,Major
Mt1470,Tr1468,53,47,74,9,0,34,4,90,Major
Mt1471,Tr1469,72,78,68,28,0,11,12,160,Major
Mt1472,Tr1470,59,60,94,24,0,10,4,114,Major
Mt1473,Tr1471,73,72,32,77,0,15,5,113,Major
Mt1474,Tr1472,67,69,72,17,0,19,3,147,Major
Mt1475,Tr1473,70,92,59,3,0,10,3,100,Minor
Mt1476,Tr1474,49,42,77,3,0,12,9,155,Major
Mt1477,Tr1475,54,41,39,51,0,11,16,107,Minor
Mt1478,Tr1476,80,15,54,9,0,38,5,112,Major
Mt1479,Tr1477,69,96,36,81,0,8,4,107,Minor
Mt1480,Tr1478,47,33,68,24,0,22,38,81,Major
Mt1481,,79,77,46,5,0,11,7,150,Major
Mt1482,Tr1479,66,19,32,69,0,12,4,110,Major
Mt1483,Tr1480,64,4,40,6,0,10,6,108,Major
Mt1484,Tr1481,89,48,74,30,0,7,36,130,Minor
Mt1485,Tr1482,70,39,56,6,0,9,7,164,Major
Mt1486,Tr1483,80,42,68,2,0,66,4,114,Minor
Mt1487,Tr1484,63,93,88,1,0,12,4,93,Major
Mt1488,Tr1485,87,51,69,36,0,9,8,90,Minor
Mt1489,Tr1486,45,35,68,78,0,39,8,128,Major
Mt1490,Tr1487,83,47,80,2,0,24,9,97,Major
Mt1491,Tr1488,69,94,71,79,0,7,8,152,Minor
Mt1492,Tr1489,51,94,34,73,0,10,5,175,Major
Mt1493,Tr1490,61,48,55,67,0,16,8,116,Major
Mt1494,Tr1491,33,51,59,76,0,44,6,80,Minor
Mt1495,Tr1492,63,34,86,26,0,21,39,93,Minor
Mt1496,Tr1493,70,42,54,30,0,37,5,122,Major
Mt1497,Tr1494,70,91,79,3,0,7,10,122,Major
Mt1498,Tr1495,70,60,58,4,0,16,3,135,Minor
Mt1499,Tr1496,60,45,47,62,0,31,5,109,Major
Mt1500,Tr1497,65,82,74,27,0,32,5,93,Minor
Mt1501,Tr1498,85,64,81,2,5,7,9,125,Minor
Mt1502,Tr1499,58,83,45,36,0,11,8,206,Minor
Mt1503,Tr1500,76,44,77,1,0,13,3,130,Major
Mt1504,Tr1501,80,62,51,2,0,9,8,121,Minor
Mt1505,Tr1502,74,35,73,0,0,21,5,123,Minor
Mt1506,Tr1503,67,50,67,15,0,30,4,122,Minor
Mt1507,Tr1504,53,50,79,0,0,8,3,143,Major
Mt1508,Tr1505,70,35,77,1,0,26,4,121,Minor
Mt1509,Tr1506,56,68,66,28,0,11,18,166,Minor
Mt1510,Tr1507,41,27,64,36,0,60,3,135,Major
Mt1511,Tr1508,49,49,59,44,0,35,21,87,Minor
Mt1512,Tr1509,77,74,66,30,0,13,3,111,Major
Mt1513,Tr1510,75,85,84,10,0,31,19,110,Major
Mt1514,Tr1511,66,19,61,30,0,9,7,130,Major
Mt1515,Tr1512,61,76,51,30,0,38,15,179,Minor
Mt1516,Tr1513,74,53,73,61,0,13,4,93,Minor
Mt1517,Tr1514,27,10,49,62,0,49,5,78,Minor
Mt1518,Tr1515,65,37,58,2,0,4,31,180,Major
Mt1519,Tr1516,28,13,41,50,0,19,3,86,Minor
Mt1520,Tr1517,74,55,85,1,0,5,22,88,Minor
Mt1521,Tr1518,68,72,78,4,0,7,5,97,Major
Mt1522,Tr1519,71,59,80,13,0,36,5,134,Minor
Mt1523,Tr1520,75,36,76,12,0,10,10,116,Major
Mt1524,Tr1521,64,14,70,9,0,9,8,170,Minor
Mt1525,Tr1522,83,40,55,16,0,14,23,140,Minor
Mt1526,Tr1523,75,46,76,3,0,9,4,118,Minor
Mt1527,Tr1524,31,31,24,76,0,14,4,65,Major
Mt1528,Tr1525,56,16,67,0,0,11,4,120,Minor
Mt1529,Tr1526,29,12,33,68,0,12,5,176,Major
Mt1530,Tr1527,59,69,61,84,0,46,36,180,Minor
Mt1531,Tr1528,59,21,43,76,0,10,7,144,Major
Mt1532,Tr1529,82,52,61,38,0,14,27,133,Minor
Mt1533,Tr1530,63,21,52,28,0,9,3,93,Major
Mt1534,Tr1531,77,25,62,34,0,23,3,122,Major
Mt1535,Tr1532,53,55,73,9,0,3,5,88,Major
Mt1536,Tr1533,70,61,44,40,0,37,4,170,Minor
Mt1537,Tr1534,46,55,50,71,0,10,11,94,Minor
Mt1538,Tr1535,65,46,47,12,0,13,16,170,Major
Mt1539,Tr1536,79,79,70,57,0,66,8,90,Minor
Mt1540,Tr1537,40,7,29,62,0,9,3,78,Major
Mt1541,Tr1538,57,36,58,5,0,15,3,94,Major
Mt1542,Tr1539,83,11,41,0,0,36,14,73,Major
Mt1543,Tr1540,73,79,86,42,0,7,18,176,Major
Mt1544,Tr1541,81,57,63,40,1,10,4,128,Minor
Mt1545,Tr1542,58,44,60,44,9,5,6,120,Major
Mt1546,Tr1543,63,85,62,6,0,35,4,82,Major
Mt1547,Tr1544,77,40,47,2,0,9,3,95,Major
Mt1548,Tr1545,44,52,94,11,0,4,29,118,Major
Mt1549,Tr1546,75,93,86,8,0,14,3,123,Minor
Mt1550,Tr1547,63,49,68,38,0,42,18,90,Major
Mt1551,Tr1548,73,14,57,40,0,11,5,110,Minor
Mt1552,Tr1549,66,76,82,47,0,10,32,96,Minor
Mt1553,Tr1550,56,58,55,35,0,23,11,88,Minor
Mt1554,Tr1551,73,60,85,17,0,24,5,98,Minor
Mt1555,Tr1552,72,67,68,0,0,14,4,110,Minor
Mt1556,Tr1553,70,57,49,19,0,12,8,80,Major
Mt1557,Tr1554,86,31,53,43,0,11,6,110,Minor
Mt1558,Tr1555,79,70,36,0,0,6,11,110,Major
Mt1559,Tr1556,77,49,42,1,1,13,19,78,Minor
Mt1560,Tr1557,83,44,62,2,0,8,6,129,Major
Mt1561,Tr1558,44,22,60,61,0,42,9,181,Major
Mt1562,Tr1559,75,74,77,1,0,9,10,114,Minor
Mt1563,Tr1560,74,39,65,5,1,11,35,144,Major
Mt1564,Tr1561,66,18,68,9,0,12,4,101,Major
Mt1565,Tr1562,67,78,63,29,0,12,5,84,Major
Mt1566,Tr1563,66,63,69,21,0,11,7,154,Major
Mt1567,Tr1564,59,72,62,18,0,9,3,148,Major
Mt1568,Tr1565,85,22,37,13,0,7,30,146,Minor
Mt1569,Tr1566,77,51,79,20,0,26,6,120,Minor
Mt1570,Tr1567,53,75,69,7,0,17,3,110,Major
Mt1571,Tr1568,77,82,30,95,0,13,5,136,Minor
Mt1572,Tr1569,59,56,63,12,0,6,36,141,Major
Mt1573,Tr1570,46,23,48,75,30,14,4,108,Minor
Mt1574,Tr1571,42,47,36,76,0,9,5,94,Major
Mt1575,Tr1572,35,41,94,0,63,5,5,180,Major
Mt1576,Tr1573,77,51,79,5,0,16,5,122,Major
Mt1577,Tr1574,59,33,52,7,15,12,3,85,Major
Mt1578,Tr1575,68,29,73,0,0,7,7,148,Major
Mt1579,Tr1576,83,59,73,6,0,5,11,120,Major
Mt1580,Tr1577,70,76,72,22,0,27,4,91,Minor
Mt1581,Tr1578,72,54,71,26,0,10,4,120,Major
Mt1582,Tr1579,86,86,79,11,0,8,9,106,Major
Mt1583,Tr1580,63,31,35,93,0,29,3,110,Major
Mt1584,Tr1581,39,36,45,81,0,8,13,169,Major
Mt1585,Tr1582,80,21,55,1,0,26,17,118,Major
Mt1586,Tr1583,91,79,66,32,0,9,16,92,Minor
Mt1587,Tr1584,45,19,60,63,0,9,6,112,Major
Mt1588,Tr1585,79,56,91,26,0,13,21,140,Major
Mt1589,Tr1586,73,52,76,13,0,5,3,105,Major
Mt1590,Tr1587,76,63,77,14,0,15,22,178,Major
Mt1591,Tr1588,96,71,42,57,0,8,9,108,Minor
Mt1592,Tr1589,40,19,29,86,0,34,4,173,Major
Mt1593,Tr1590,67,40,90,3,0,34,6,101,Major
Mt1594,Tr1591,80,24,62,41,2,11,23,120,Minor
Mt1595,Tr1592,73,66,80,44,0,9,12,144,Major
Mt1596,Tr1593,75,96,61,0,0,18,4,133,Major
Mt1597,Tr1594,46,62,83,53,0,97,28,158,Minor
Mt1598,Tr1595,81,92,90,9,0,8,7,120,Major
Mt1599,Tr1596,61,59,46,56,0,13,5,129,Major
Mt1600,Tr1597,74,45,89,5,0,26,13,102,Major
Mt1601,Tr1598,79,79,84,2,0,5,5,124,Minor
Mt1602,Tr1599,73,31,45,85,24,11,3,90,Minor
Mt1603,Tr1600,78,65,52,46,0,12,31,161,Minor
Mt1604,Tr1601,60,11,33,90,0,8,5,120,Major
Mt1605,Tr1602,45,12,57,7,0,23,3,81,Major
Mt1606,Tr1603,78,47,70,18,0,15,9,150,Minor
Mt1607,Tr1604,76,58,84,10,0,13,10,105,Major
Mt1608,Tr1605,63,76,67,38,0,6,4,79,Major
Mt1609,Tr1606,52,7,61,51,0,11,3,146,Minor
Mt1610,Tr1607,64,8,37,79,0,9,5,124,Major
Mt1611,Tr1608,53,66,85,2,0,24,4,126,Major
Mt1612,Tr1609,80,33,60,0,0,32,14,136,Minor
Mt1613,Tr1610,77,26,63,58,0,11,5,102,Minor
Mt1614,Tr1611,73,54,74,23,0,41,23,77,Major
Mt1615,,82,54,59,69,0,18,10,98,Minor
Mt1616,Tr1612,44,22,48,38,0,33,24,84,Minor
Mt1617,Tr1613,89,77,82,3,0,17,11,102,Major
Mt1618,Tr1614,42,33,26,92,0,13,3,120,Major
Mt1619,Tr1615,52,73,91,0,0,11,7,117,Major
Mt1620,Tr1616,45,27,33,82,0,14,4,72,Minor
Mt1621,Tr1617,67,29,47,5,0,22,26,168,Major
Mt1622,Tr1618,52,68,69,13,0,33,8,94,Major
Mt1623,Tr1619,41,65,88,0,0,26,5,145,Major
Mt1624,Tr1620,71,14,61,1,0,23,33,134,Major
Mt1625,Tr1621,35,24,93,0,0,10,8,148,Major
Mt1626,Tr1622,60,40,89,9,0,60,6,127,Minor
Mt1627,Tr1623,74,79,66,11,0,8,16,172,Minor
Mt1628,Tr1624,75,19,46,21,4,34,8,90,Major
Mt1629,Tr1625,57,30,40,38,0,26,3,96,Major
Mt1630,Tr1626,74,65,67,46,0,36,4,138,Minor
Mt1631,Tr1627,72,67,72,0,0,13,4,120,Major
Mt1632,Tr1628,70,65,74,1,0,34,4,125,Major
Mt1633,Tr1629,82,80,86,1,0,30,13,123,Major
Mt1634,Tr1630,79,44,54,41,0,13,24,81,Major
Mt1635,Tr1631,55,10,85,7,0,8,20,171,Major
Mt1636,Tr1632,77,60,32,84,0,8,5,91,Major
Mt1637,Tr1633,56,61,76,10,0,14,11,84,Minor
Mt1638,Tr1634,90,74,54,16,0,13,28,115,Minor
Mt1639,Tr1635,69,70,89,4,0,49,3,125,Major
Mt1640,Tr1636,80,62,69,28,0,13,7,122,Minor
Mt1641,Tr1637,85,92,54,16,0,29,7,92,Major
Mt1642,Tr1638,63,75,75,17,0,11,8,90,Minor
Mt1643,Tr1639,84,90,70,9,0,14,8,94,Minor
Mt1644,Tr1640,81,53,78,18,0,6,24,93,Major
Mt1645,Tr1641,51,50,76,30,0,10,7,130,Minor
Mt1646,Tr1642,35,23,61,23,0,19,6,180,Minor
Mt1647,Tr1643,53,31,31,92,0,28,3,134,Major
Mt1648,Tr1644,92,31,89,3,0,8,25,95,Minor
Mt1649,Tr1645,69,91,63,11,0,9,31,184,Major
Mt1650,Tr1646,47,50,80,10,0,32,38,147,Minor
Mt1651,Tr1647,52,44,60,40,0,26,3,123,Major
Mt1652,Tr1648,91,49,61,3,0,17,22,123,Minor
Mt1653,Tr1649,90,79,71,26,0,7,37,90,Minor
Mt1654,Tr1650,61,65,64,1,0,12,4,160,Minor
Mt1655,Tr1651,60,37,71,8,0,48,4,115,Major
Mt1656,Tr1652,37,17,67,2,0,34,9,141,Major
Mt1657,Tr1653,31,30,88,7,0,8,8,160,Major
Mt1658,Tr1654,57,23,66,4,6,15,4,145,Major
Mt1659,Tr1655,46,43,43,23,8,8,22,89,Minor
Mt1660,Tr1656,84,49,72,8,0,15,8,95,Minor
Mt1661,Tr1657,60,47,62,3,0,38,4,160,Major
Mt1662,Tr1658,67,74,75,44,0,7,30,174,Minor
Mt1663,Tr1659,77,76,84,3,0,38,4,92,Major
Mt1664,Tr1660,93,61,74,9,0,17,8,134,Major
Mt1665,Tr1661,31,4,86,1,0,28,17,172,Minor
Mt1666,Tr1662,76,92,62,6,0,8,13,80,Major
Mt1667,Tr1663,91,42,60,0,0,9,12,150,Minor
Mt1668,Tr1664,78,53,74,4,0,45,21,80,Minor
Mt1669,Tr1665,81,83,75,14,0,29,34,166,Minor
Mt1670,Tr1666,67,8,54,27,0,8,4,120,Major
Mt1671,Tr1667,86,89,79,17,0,11,6,92,Major
Mt1672,Tr1668,74,61,52,30,0,26,9,85,Minor
Mt1673,Tr1669,79,86,52,66,0,9,7,154,Minor
Mt1674,Tr1670,73,37,74,28,0,14,6,92,Minor
Mt1675,Tr1671,89,75,70,6,0,13,5,140,Major
Mt1676,Tr1672,65,60,60,11,0,10,40,89,Major
Mt1677,Tr1673,89,89,86,16,0,8,5,135,Minor
Mt1678,Tr1674,51,66,53,60,0,11,18,140,Minor
Mt1679,Tr1675,47,44,76,8,91,9,3,82,Major
Mt1680,Tr1676,78,58,45,47,0,18,3,79,Major
Mt1681,Tr1677,31,31,63,47,27,21,12,88,Major
Mt1682,Tr1678,44,18,38,70,0,12,4,139,Major
Mt1683,Tr1679,73,68,83,55,0,90,7,124,Minor
Mt1684,Tr1680,39,45,55,73,0,9,21,80,Minor
Mt1685,Tr1681,84,54,51,47,0,12,40,120,Minor
Mt1686,Tr1682,56,19,46,92,72,11,3,80,Minor
Mt1687,Tr1683,92,62,86,11,0,24,24,117,Major
Mt1688,Tr1684,76,77,52,4,0,8,3,117,Minor
Mt1689,Tr1685,62,46,73,10,0,67,11,140,Minor
Mt1690,Tr1686,68,57,77,2,0,10,5,99,Major
Mt1691,Tr1687,74,59,87,3,0,8,5,93,Major
Mt1692,Tr1688,44,8,20,74,42,11,3,106,Major
Mt1693,Tr1689,81,68,63,17,0,10,22,124,Major
Mt1694,Tr1690,76,96,70,18,0,33,4,95,Major
Mt1695,Tr1691,87,82,53,10,0,5,8,96,Minor
Mt1696,Tr1692,81,40,73,15,0,9,8,92,Minor
Mt1697,Tr1693,95,36,37,35,0,10,28,124,Major
Mt1698,Tr1694,64,76,44,70,9,12,4,72,Major
Mt1699,Tr1695,28,26,20,19,0,30,3,71,Minor
Mt1700,Tr1696,78,55,57,4,0,10,8,135,Minor
Mt1701,Tr1697,81,56,70,4,0,5,24,95,Major
Mt1702,Tr1698,59,70,74,56,0,11,40,71,Minor
Mt1703,Tr1699,80,71,68,6,0,10,37,180,Minor
Mt1704,Tr1700,65,11,58,0,0,12,9,150,Minor
Mt1705,Tr1701,55,86,44,40,0,7,4,189,Major
Mt1706,Tr1702,72,55,64,49,0,7,4,85,Major
Mt1707,Tr1703,59,73,45,44,0,34,3,140,Major
Mt1708,Tr1704,77,68,70,6,0,17,20,81,Major
Mt1709,Tr1705,80,24,65,2,0,9,4,104,Minor
Mt1710,Tr1706,42,33,44,62,0,8,6,129,Major
Mt1711,Tr1707,76,81,80,20,0,25,4,94,Minor
Mt1712,Tr1708,41,23,40,27,0,30,5,71,Minor
Mt1713,Tr1709,59,23,46,66,0,15,6,146,Minor
Mt1714,Tr1710,69,90,88,5,0,29,8,103,Minor
Mt1715,Tr1711,53,66,78,0,0,16,5,124,Major
Mt1716,Tr1712,70,71,58,24,0,7,13,164,Minor
Mt1717,Tr1713,69,35,57,12,0,10,9,138,Major
Mt1718,Tr1714,67,37,46,13,0,10,39,126,Minor
Mt1719,Tr1715,61,47,65,3,0,17,4,103,Minor
Mt1720,Tr1716,75,64,52,41,0,11,3,95,Major
Mt1721,Tr1717,39,28,77,4,0,6,29,200,Minor
Mt1722,Tr1718,86,75,52,54,0,10,4,129,Major
Mt1723,Tr1719,68,33,43,38,0,36,14,98,Minor
Mt1724,Tr1720,91,32,56,3,0,11,10,107,Major
Mt1725,Tr1721,58,56,83,5,0,7,4,174,Major
Mt1726,Tr1722,45,27,67,32,0,13,14,92,Major
Mt1727,Tr1723,81,59,83,9,0,11,5,90,Major
Mt1728,Tr1724,60,58,69,2,0,58,4,147,Major
Mt1729,Tr1725,68,41,55,16,0,10,12,143,Major
Mt1730,Tr1726,76,63,71,3,0,10,3,101,Minor
Mt1731,Tr1727,70,54,71,0,0,33,4,118,Minor
Mt1732,Tr1728,83,63,74,14,0,16,6,98,Minor
Mt1733,Tr1729,72,22,46,24,0,9,6,138,Minor
Mt1734,Tr1730,59,30,62,1,0,8,4,114,Minor
Mt1735,Tr1731,63,45,64,34,0,9,8,180,Minor
Mt1736,Tr1732,56,41,57,1,0,13,3,145,Major
Mt1737,Tr1733,78,63,64,1,0,7,4,115,Minor
Mt1738,Tr1734,79,48,84,13,0,21,23,82,Major
Mt1739,Tr1735,70,22,61,2,0,10,34,166,Major
Mt1740,Tr1736,86,91,79,29,0,60,16,92,Major
Mt1741,Tr1737,71,55,44,74,0,11,6,108,Major
Mt1742,Tr1738,71,63,45,45,0,11,3,84,Minor
Mt1743,Tr1739,69,90,91,6,0,35,4,95,Minor
Mt1744,Tr1740,93,77,45,25,0,13,27,135,Minor
Mt1745,Tr1741,57,6,27,84,0,9,3,110,Major
Mt1746,Tr1742,89,59,64,5,0,19,7,88,Major
Mt1747,Tr1743,87,28,50,12,0,10,10,119,Minor
Mt1748,Tr1744,58,71,80,15,0,7,41,120,Major
Mt1749,Tr1745,86,97,80,36,0,9,6,122,Major
Mt1750,Tr1746,78,83,75,41,0,27,8,98,Major
Mt1751,Tr1747,45,25,84,21,0,13,6,140,Minor
Mt1752,Tr1748,79,87,81,4,0,10,4,116,Minor
Mt1753,Tr1749,86,62,49,51,0,35,21,124,Major
Mt1754,Tr1750,91,73,72,13,0,9,15,105,Minor
Mt1755,Tr1751,68,24,58,44,0,6,3,118,Major
Mt1756,Tr1752,61,20,38,61,0,10,5,108,Major
Mt1757,Tr1753,61,53,38,84,0,28,44,100,Major
Mt1758,Tr1754,81,39,66,38,0,12,14,140,Minor
Mt1759,Tr1755,78,40,74,36,0,17,27,101,Minor
Mt1760,Tr1756,56,61,90,36,0,18,31,78,Major
Mt1761,Tr1757,79,22,55,31,0,12,5,93,Minor
Mt1762,Tr1758,52,32,83,24,0,17,43,87,Major
Mt1763,,55,50,78,19,0,11,35,153,Minor
Mt1764,Tr1759,87,93,59,28,0,17,5,142,Major
Mt1765,Tr1760,85,41,43,39,0,12,21,96,Minor
Mt1766,Tr1761,50,39,78,4,0,11,33,125,Major
Mt1767,Tr1762,71,43,65,23,0,9,5,85,Major
Mt1768,Tr1763,92,78,57,46,0,14,9,140,Minor
Mt1769,Tr1764,66,58,79,23,0,22,20,196,Minor
Mt1770,Tr1765,78,51,43,69,0,14,9,134,Major
Mt1771,Tr1766,80,45,62,76,0,10,38,103,Minor
Mt1772,Tr1767,82,50,67,12,0,13,5,130,Major
Mt1773,Tr1768,65,52,69,31,0,8,36,108,Major
Mt1774,Tr1769,61,66,71,53,0,32,46,123,Major
Mt1775,Tr1770,84,74,69,21,0,18,6,152,Major
Mt1776,Tr1771,78,55,60,59,0,7,4,108,Major
Mt1777,Tr1772,56,56,47,76,0,8,36,72,Minor
Mt1778,Tr1773,86,67,65,42,0,35,7,121,Minor
Mt1779,Tr1774,57,71,82,19,0,15,29,138,Minor
Mt1780,Tr1775,50,41,50,69,0,12,6,188,Minor
Mt1781,Tr1776,80,26,85,23,0,11,21,110,Major
Mt1782,Tr1777,81,77,79,19,0,47,8,105,Major
Mt1783,Tr1778,63,60,70,5,0,9,31,118,Major
Mt1784,Tr1779,61,24,62,60,0,24,31,176,Major
Mt1785,Tr1780,83,41,65,0,10,11,8,158,Major
Mt1786,Tr1781,85,72,58,9,0,49,12,115,Minor
Mt1787,Tr1782,51,48,82,0,0,5,3,110,Minor
Mt1788,Tr1783,73,26,54,30,0,34,32,174,Major
Mt1789,Tr1784,91,91,96,3,0,3,9,130,Major
Mt1790,Tr1785,36,30,54,34,0,14,5,78,Major
Mt1791,Tr1786,44,74,42,88,0,9,9,104,Major
Mt1792,Tr1787,64,80,88,0,0,12,6,121,Major
Mt1793,Tr1788,83,32,82,14,0,12,4,105,Major
Mt1794,Tr1789,38,20,66,9,0,9,8,81,Major
Mt1795,Tr1790,37,14,24,80,0,11,4,170,Minor
Mt1796,Tr1791,43,60,38,76,1,48,38,78,Major
Mt1797,Tr1792,88,28,66,6,0,13,31,125,Major
Mt1798,Tr1793,66,29,65,23,0,8,7,92,Minor
Mt1799,Tr1794,84,61,42,31,0,9,9,140,Minor
Mt1800,Tr1795,61,32,90,25,0,10,9,96,Major
Mt1801,Tr1796,66,83,43,84,0,19,19,118,Minor
Mt1802,Tr1797,71,67,60,7,0,6,4,92,Minor
Mt1803,Tr1798,49,50,37,87,0,11,35,140,Minor
Mt1804,Tr1799,68,45,71,18,0,11,25,174,Major
Mt1805,Tr1800,77,53,78,19,0,29,4,127,Major
Mt1806,Tr1801,71,37,52,62,0,11,36,96,Major
Mt1807,Tr1802,82,82,66,13,0,11,6,150,Minor
Mt1808,Tr1803,87,46,60,1,0,13,16,100,Major
Mt1809,Tr1804,73,59,81,13,0,9,6,105,Minor
Mt1810,Tr1805,86,43,62,5,0,13,14,104,Major
Mt1811,Tr1806,54,45,79,1,0,17,5,154,Major
Mt1812,Tr1807,47,33,83,18,0,10,5,80,Major
Mt1813,Tr1808,53,14,43,64,0,13,3,150,Major
Mt1814,Tr1809,32,49,72,0,0,9,4,156,Minor
Mt1815,Tr1810,76,79,81,18,0,6,34,98,Minor
Mt1816,Tr1811,58,27,36,86,0,9,3,92,Major
Mt1817,Tr1812,47,7,50,32,0,7,4,144,Major
Mt1818,Tr1813,37,27,56,8,0,13,3,150,Major
Mt1819,Tr1814,56,68,89,4,0,33,19,172,Major
Mt1820,Tr1815,72,70,82,2,0,4,17,77,Major
Mt1821,Tr1816,72,36,72,26,6,11,4,107,Major
Mt1822,Tr1817,51,39,29,90,0,10,4,114,Major
Mt1823,Tr1818,63,29,51,43,0,25,4,117,Major
Mt1824,,80,74,60,8,0,14,26,160,Minor
Mt1825,Tr1819,88,15,56,1,0,8,6,120,Major
Mt1826,Tr1820,82,76,70,16,0,8,5,100,Minor
Mt1827,Tr1821,60,68,84,4,0,24,11,158,Minor
Mt1828,Tr1822,56,40,54,72,0,10,4,142,Major
Mt1829,Tr1823,80,77,85,11,0,17,14,170,Minor
Mt1830,,71,39,86,2,0,51,25,84,Minor
Mt1831,Tr1824,58,30,46,14,0,9,3,139,Major
Mt1832,Tr1825,73,88,67,20,0,32,5,151,Major
Mt1833,Tr1826,82,42,75,6,0,63,6,128,Minor
Mt1834,Tr1827,56,20,54,67,0,6,5,118,Major
Mt1835,Tr1828,65,88,72,36,14,20,3,183,Major
Mt1836,Tr1829,63,29,62,4,0,18,4,83,Minor
Mt1837,Tr1830,85,42,80,6,0,17,14,122,Major
Mt1838,Tr1831,72,90,48,32,0,18,23,165,Major
Mt1839,Tr1832,83,90,64,35,5,9,4,106,Minor
Mt1840,Tr1833,81,68,58,83,0,11,34,77,Major
Mt1841,Tr1834,57,30,89,10,0,33,8,91,Major
Mt1842,Tr1835,51,21,63,5,0,41,3,148,Major
Mt1843,Tr1836,71,90,81,31,2,13,3,114,Minor
Mt1844,Tr1837,83,56,82,10,0,9,5,92,Major
Mt1845,Tr1838,56,25,45,1,3,7,3,118,Major
Mt1846,Tr1839,60,46,71,3,0,16,4,123,Minor
Mt1847,Tr1840,52,28,48,54,1,19,3,89,Major
Mt1848,Tr1841,81,61,93,49,0,12,11,110,Minor
Mt1849,Tr1842,42,32,20,94,0,11,4,118,Major
Mt1850,Tr1843,68,54,76,21,0,11,20,90,Minor
Mt1851,,49,14,40,82,0,11,3,130,Major
Mt1852,Tr1844,70,97,62,47,0,10,4,154,Minor
Mt1853,Tr1845,54,59,83,0,44,20,4,105,Minor
Mt1854,Tr1846,70,87,88,4,0,26,8,115,Minor
Mt1855,Tr1847,91,59,82,8,0,6,8,110,Major
Mt1856,Tr1848,51,5,68,12,2,15,6,125,Minor
Mt1857,Tr1849,73,62,75,0,0,34,8,102,Major
Mt1858,Tr1850,81,72,65,4,0,14,4,120,Minor
Mt1859,Tr1851,80,36,86,4,0,3,5,97,Major
Mt1860,Tr1852,44,41,92,0,0,44,7,140,Minor
Mt1861,Tr1853,78,31,72,1,0,11,4,97,Major
Mt1862,Tr1854,45,67,90,9,11,10,5,125,Major
Mt1863,Tr1855,80,55,56,13,0,8,9,88,Minor
Mt1864,Tr1856,88,8,49,9,0,9,14,137,Minor
Mt1865,Tr1857,88,52,69,0,0,8,23,157,Major
Mt1866,Tr1858,95,83,57,54,0,10,25,130,Major
Mt1867,Tr1859,85,80,83,10,0,8,11,90,Major
Mt1868,Tr1860,44,44,67,7,0,12,13,183,Minor
Mt1869,Tr1861,58,68,91,2,0,27,11,128,Major
Mt1870,Tr1862,71,78,40,46,0,7,45,130,Minor
Mt1871,Tr1863,63,56,43,24,0,12,23,126,Major
Mt1872,,77,94,87,2,0,23,12,120,Major
Mt1873,Tr1864,72,18,46,7,0,28,8,130,Minor
Mt1874,Tr1865,70,46,76,30,0,9,45,122,Major
Mt1875,Tr1866,74,46,58,15,0,13,8,172,Minor
Mt1876,Tr1867,61,38,62,14,0,23,40,103,Major
Mt1877,Tr1868,55,46,64,0,0,17,10,122,Minor
Mt1878,Tr1869,47,56,90,0,0,10,4,130,Major
Mt1879,Tr1870,81,70,65,24,0,8,4,105,Minor
Mt1880,Tr1871,90,73,51,39,0,9,6,120,Major
Mt1881,Tr1872,56,43,53,24,0,12,4,145,Major
Mt1882,Tr1873,79,64,59,28,0,11,14,99,Minor
Mt1883,Tr1874,79,66,65,5,0,25,14,88,Minor
Mt1884,Tr1875,81,90,73,28,0,29,4,126,Major
Mt1885,Tr1876,77,71,75,33,1,13,4,136,Major
Mt1886,Tr1877,70,97,59,55,0,27,12,113,Major
Mt1887,Tr1878,82,49,88,20,0,21,3,132,Major
Mt1888,Tr1879,77,74,74,47,0,34,8,135,Major
Mt1889,Tr1880,67,49,77,11,0,19,11,126,Major
Mt1890,Tr1881,67,72,74,30,0,36,4,102,Minor
Mt1891,Tr1882,68,80,92,10,0,9,12,125,Major
Mt1892,Tr1883,37,28,66,14,0,9,5,149,Major
Mt1893,Tr1884,74,71,89,24,61,15,5,137,Major
Mt1894,Tr1885,77,78,91,14,0,33,12,120,Minor
Mt1895,Tr1886,90,75,50,11,0,9,26,100,Major
Mt1896,Tr1887,70,58,57,25,0,15,7,164,Minor
Mt1897,Tr1888,65,79,66,31,0,22,7,93,Minor
Mt1898,Tr1889,65,52,80,5,0,6,25,180,Minor
Mt1899,Tr1890,34,22,31,43,63,10,7,79,Major
Mt1900,Tr1891,56,21,44,73,0,11,2,146,Major
Mt1901,Tr1892,37,17,27,75,5,10,3,103,Major
Mt1902,Tr1893,70,26,76,8,0,54,23,140,Minor
Mt1903,Tr1894,81,48,70,13,0,15,7,92,Major
Mt1904,Tr1895,64,4,60,11,0,19,4,102,Minor
Mt1905,Tr1896,82,75,85,33,1,11,4,118,Minor
Mt1906,Tr1897,78,75,62,6,0,15,6,93,Major
Mt1907,Tr1898,70,26,56,14,83,11,5,150,Minor
Mt1908,Tr1899,52,24,60,0,0,8,3,130,Major
Mt1909,Tr1900,65,24,53,6,0,51,4,83,Minor
Mt1910,Tr1901,84,43,75,5,0,6,8,102,Major
Mt1911,Tr1902,73,65,91,4,0,48,18,136,Minor
Mt1912,Tr1903,57,24,37,11,18,16,3,130,Major
Mt1913,Tr1904,72,92,77,9,0,8,11,156,Major
Mt1914,Tr1905,57,50,85,5,0,16,4,123,Major
Mt1915,Tr1906,92,53,62,7,0,63,10,132,Major
Mt1916,Tr1907,49,13,74,0,0,9,4,125,Minor
Mt1917,Tr1908,74,22,67,0,0,11,46,162,Minor
Mt1918,Tr1909,80,82,81,14,0,13,36,138,Major
Mt1919,Tr1910,59,62,60,12,0,5,44,161,Minor
Mt1920,Tr1911,91,23,55,1,0,7,32,131,Minor
Mt1921,,75,45,63,6,0,35,12,122,Minor
Mt1922,Tr1912,80,16,28,17,0,12,39,80,Minor
Mt1923,Tr1913,75,11,50,20,0,30,17,109,Major
Mt1924,Tr1914,84,33,36,2,0,39,59,158,Major
Mt1925,Tr1915,66,12,35,55,0,9,14,126,Major
Mt1926,Tr1916,73,25,61,1,0,32,7,104,Major
Mt1927,Tr1917,48,15,31,80,22,12,4,110,Major
Mt1928,Tr1918,77,20,70,1,0,16,5,130,Major
Mt1929,Tr1919,34,39,16,97,0,12,5,177,Major
Mt1930,Tr1920,48,55,84,43,0,15,12,158,Major
Mt1931,Tr1921,62,25,44,51,33,14,3,114,Minor
Mt1932,Tr1922,93,62,61,0,0,12,20,144,Major
Mt1933,Tr1923,54,22,76,0,0,14,3,125,Major
Mt1934,Tr1924,85,40,43,4,0,39,32,142,Minor
Mt1935,Tr1925,64,11,53,1,0,25,27,120,Major
Mt1936,Tr1926,57,55,74,22,0,8,4,96,Major
Mt1937,Tr1927,60,24,39,57,0,8,3,144,Major
Mt1938,Tr1928,42,7,24,83,1,12,6,166,Major
Mt1939,Tr1929,80,81,67,4,0,8,6,92,Major
Mt1940,Tr1930,82,67,77,8,0,12,5,97,Major
Mt1941,Tr1931,61,32,67,15,0,11,5,90,Minor
